control_id,variant_id,variant,family,nist_title,vocab_pattern,ml_reason,mlassure_pattern,collectors,control_text,meaning_preserved,notes
AC-3,AC-3.v0,0,AC,Access Enforcement,mixed,The endpoint execution-role policy statements are the logical-access rules the fixture exposes for the deployed model.,sufficiency,getEndpointExecutionRole,Enforce approved authorizations for logical access to information and system resources in accordance with applicable access control policies.,,v0: official NIST SP 800-53 Rev 5 statement copied from CSRC control-catalog xlsx (retrieved 2026-08-29); whitespace normalized only
AC-3,AC-3.v1,1,AC,Access Enforcement,mixed,The endpoint execution-role policy statements are the logical-access rules the fixture exposes for the deployed model.,sufficiency,getEndpointExecutionRole,Apply approved authorizations for logical access to information and system resources in accordance with applicable access control policies.,,
AC-3,AC-3.v2,2,AC,Access Enforcement,mixed,The endpoint execution-role policy statements are the logical-access rules the fixture exposes for the deployed model.,sufficiency,getEndpointExecutionRole,"Logical access to information and system resources is to be limited to approved authorizations, in accordance with applicable access control policies.",,
AC-3,AC-3.v3,3,AC,Access Enforcement,mixed,The endpoint execution-role policy statements are the logical-access rules the fixture exposes for the deployed model.,sufficiency,getEndpointExecutionRole,"In accordance with applicable access control policies, enforce approved authorizations for logical access to information and system resources.",,
AC-3,AC-3.v4,4,AC,Access Enforcement,mixed,The endpoint execution-role policy statements are the logical-access rules the fixture exposes for the deployed model.,sufficiency,getEndpointExecutionRole,Approved authorizations for logical access to information and system resources are enforced in accordance with applicable access control policies.,,
AC-2(7),AC-2(7).v0,0,AC,Account Management | Privileged User Accounts,mixed,"The generic SageMaker execution role plus CloudTrail identities show how privileged endpoint accounts are administered, monitored, and revoked.",synthesis,getEndpointExecutionRole|getCloudTrailEvents,(a) Establish and administer privileged user accounts in accordance with [Selection: a role-based access scheme; an attribute-based access scheme]; (b) Monitor privileged role or attribute assignments; (c) Monitor changes to roles or attributes; and (d) Revoke access when privileged role or attribute assignments are no longer appropriate.,,v0: official NIST SP 800-53 Rev 5 statement copied from CSRC control-catalog xlsx (retrieved 2026-08-29); whitespace normalized only
AC-2(7),AC-2(7).v1,1,AC,Account Management | Privileged User Accounts,mixed,"The generic SageMaker execution role plus CloudTrail identities show how privileged endpoint accounts are administered, monitored, and revoked.",synthesis,getEndpointExecutionRole|getCloudTrailEvents,(a) Set up and administer privileged user accounts in accordance with [Selection: a role-based access scheme; an attribute-based access scheme]; (b) Monitor assignments of privileged roles or attributes; (c) Monitor changes to roles or attributes; and (d) Revoke access when privileged role or attribute assignments are no longer appropriate.,,
AC-2(7),AC-2(7).v2,2,AC,Account Management | Privileged User Accounts,mixed,"The generic SageMaker execution role plus CloudTrail identities show how privileged endpoint accounts are administered, monitored, and revoked.",synthesis,getEndpointExecutionRole|getCloudTrailEvents,Privileged user accounts are established and administered in accordance with [Selection: a role-based access scheme; an attribute-based access scheme]; privileged role or attribute assignments are monitored; changes to roles or attributes are monitored; and access is revoked when privileged role or attribute assignments are no longer appropriate.,,
AC-2(7),AC-2(7).v3,3,AC,Account Management | Privileged User Accounts,mixed,"The generic SageMaker execution role plus CloudTrail identities show how privileged endpoint accounts are administered, monitored, and revoked.",synthesis,getEndpointExecutionRole|getCloudTrailEvents,"(a) In accordance with [Selection: a role-based access scheme; an attribute-based access scheme], establish and administer privileged user accounts; (b) Watch privileged role or attribute assignments; (c) Watch changes to roles or attributes; and (d) Take away access when privileged role or attribute assignments are no longer appropriate.",,
AC-2(7),AC-2(7).v4,4,AC,Account Management | Privileged User Accounts,mixed,"The generic SageMaker execution role plus CloudTrail identities show how privileged endpoint accounts are administered, monitored, and revoked.",synthesis,getEndpointExecutionRole|getCloudTrailEvents,(a) Establish and administer privileged user accounts following [Selection: a role-based access scheme; an attribute-based access scheme]; (b) Keep privileged role or attribute assignments under monitoring; (c) Keep changes to roles or attributes under monitoring; and (d) Withdraw access when those privileged role or attribute assignments are no longer appropriate.,,
AC-5,AC-5.v0,0,AC,Separation of Duties,specific,A single generic execution role holding both s3:* and sagemaker:* is the fixture's evidence of whether duties are separated in access authorizations.,sufficiency,getEndpointExecutionRole,a. Identify and document [Assignment: organization-defined duties of individuals requiring separation]; and b. Define system access authorizations to support separation of duties.,,v0: official NIST SP 800-53 Rev 5 statement copied from CSRC control-catalog xlsx (retrieved 2026-08-29); whitespace normalized only
AC-5,AC-5.v1,1,AC,Separation of Duties,specific,A single generic execution role holding both s3:* and sagemaker:* is the fixture's evidence of whether duties are separated in access authorizations.,sufficiency,getEndpointExecutionRole,a. Document and identify [Assignment: organization-defined duties of individuals requiring separation]; and b. Define system access authorizations that support separation of duties.,,
AC-5,AC-5.v2,2,AC,Separation of Duties,specific,A single generic execution role holding both s3:* and sagemaker:* is the fixture's evidence of whether duties are separated in access authorizations.,sufficiency,getEndpointExecutionRole,a. Identify [Assignment: organization-defined duties of individuals requiring separation] and record them; and b. Specify system access authorizations to support separation of duties.,,
AC-5,AC-5.v3,3,AC,Separation of Duties,specific,A single generic execution role holding both s3:* and sagemaker:* is the fixture's evidence of whether duties are separated in access authorizations.,sufficiency,getEndpointExecutionRole,Separation of duties is supported by: a. Identifying and documenting [Assignment: organization-defined duties of individuals requiring separation]; and b. Defining system access authorizations to support that separation.,,
AC-5,AC-5.v4,4,AC,Separation of Duties,specific,A single generic execution role holding both s3:* and sagemaker:* is the fixture's evidence of whether duties are separated in access authorizations.,sufficiency,getEndpointExecutionRole,a. Identify and document [Assignment: organization-defined duties of individuals requiring separation]; and b. Establish the system access authorizations needed to support separation of duties.,,
AC-6,AC-6.v0,0,AC,Least Privilege,vague-qualifier,Overly broad s3:* and sagemaker:* statements on the endpoint role are the fixture's least-privilege evidence.,sufficiency,getEndpointExecutionRole,"Employ the principle of least privilege, allowing only authorized accesses for users (or processes acting on behalf of users) that are necessary to accomplish assigned organizational tasks.",,v0: official NIST SP 800-53 Rev 5 statement copied from CSRC control-catalog xlsx (retrieved 2026-08-29); whitespace normalized only
AC-6,AC-6.v1,1,AC,Least Privilege,vague-qualifier,Overly broad s3:* and sagemaker:* statements on the endpoint role are the fixture's least-privilege evidence.,sufficiency,getEndpointExecutionRole,Apply the principle of least privilege so that users (or processes acting on behalf of users) receive only the authorized accesses that are necessary to accomplish assigned organizational tasks.,,
AC-6,AC-6.v2,2,AC,Least Privilege,vague-qualifier,Overly broad s3:* and sagemaker:* statements on the endpoint role are the fixture's least-privilege evidence.,sufficiency,getEndpointExecutionRole,"Users (or processes acting on behalf of users) are allowed only those authorized accesses necessary to accomplish assigned organizational tasks, employing the principle of least privilege.",,
AC-6,AC-6.v3,3,AC,Least Privilege,vague-qualifier,Overly broad s3:* and sagemaker:* statements on the endpoint role are the fixture's least-privilege evidence.,sufficiency,getEndpointExecutionRole,Use least privilege: grant users (or processes acting on behalf of users) solely the authorized accesses necessary to accomplish assigned organizational tasks.,,
AC-6,AC-6.v4,4,AC,Least Privilege,vague-qualifier,Overly broad s3:* and sagemaker:* statements on the endpoint role are the fixture's least-privilege evidence.,sufficiency,getEndpointExecutionRole,"Limit authorized accesses for users (or processes acting on behalf of users) to those necessary to accomplish assigned organizational tasks, employing the principle of least privilege.",,
AC-6(5),AC-6(5).v0,0,AC,Least Privilege | Privileged Accounts,specific,The endpoint's attached IAM role is the privileged account the fixture exposes for the running model.,sufficiency,getEndpointExecutionRole,Restrict privileged accounts on the system to [Assignment: organization-defined personnel or roles].,,v0: official NIST SP 800-53 Rev 5 statement copied from CSRC control-catalog xlsx (retrieved 2026-08-29); whitespace normalized only
AC-6(5),AC-6(5).v1,1,AC,Least Privilege | Privileged Accounts,specific,The endpoint's attached IAM role is the privileged account the fixture exposes for the running model.,sufficiency,getEndpointExecutionRole,Privileged accounts on the system are restricted to [Assignment: organization-defined personnel or roles].,,
AC-6(5),AC-6(5).v2,2,AC,Least Privilege | Privileged Accounts,specific,The endpoint's attached IAM role is the privileged account the fixture exposes for the running model.,sufficiency,getEndpointExecutionRole,Allow privileged accounts on the system only for [Assignment: organization-defined personnel or roles].,,
AC-6(5),AC-6(5).v3,3,AC,Least Privilege | Privileged Accounts,specific,The endpoint's attached IAM role is the privileged account the fixture exposes for the running model.,sufficiency,getEndpointExecutionRole,Confine privileged accounts on the system to [Assignment: organization-defined personnel or roles].,,
AC-6(5),AC-6(5).v4,4,AC,Least Privilege | Privileged Accounts,specific,The endpoint's attached IAM role is the privileged account the fixture exposes for the running model.,sufficiency,getEndpointExecutionRole,Limit the system's privileged accounts to [Assignment: organization-defined personnel or roles].,,
AC-6(7),AC-6(7).v0,0,AC,Least Privilege | Review of User Privileges,mixed,The fixture's role policy document is what an assessor can review to validate whether assigned privileges remain necessary.,sufficiency,getEndpointExecutionRole,"(a) Review [Assignment: organization-defined frequency] the privileges assigned to [Assignment: organization-defined roles or classes of users] to validate the need for such privileges; and (b) Reassign or remove privileges, if necessary, to correctly reflect organizational mission and business needs.",,v0: official NIST SP 800-53 Rev 5 statement copied from CSRC control-catalog xlsx (retrieved 2026-08-29); whitespace normalized only
AC-6(7),AC-6(7).v1,1,AC,Least Privilege | Review of User Privileges,mixed,The fixture's role policy document is what an assessor can review to validate whether assigned privileges remain necessary.,sufficiency,getEndpointExecutionRole,"(a) At [Assignment: organization-defined frequency], review the privileges assigned to [Assignment: organization-defined roles or classes of users] to validate the need for such privileges; and (b) Reassign or remove privileges, if necessary, to correctly reflect organizational mission and business needs.",,
AC-6(7),AC-6(7).v2,2,AC,Least Privilege | Review of User Privileges,mixed,The fixture's role policy document is what an assessor can review to validate whether assigned privileges remain necessary.,sufficiency,getEndpointExecutionRole,"(a) Review the privileges assigned to [Assignment: organization-defined roles or classes of users] [Assignment: organization-defined frequency] in order to validate the need for such privileges; and (b) If necessary, reassign or remove privileges so they correctly reflect organizational mission and business needs.",,
AC-6(7),AC-6(7).v3,3,AC,Least Privilege | Review of User Privileges,mixed,The fixture's role policy document is what an assessor can review to validate whether assigned privileges remain necessary.,sufficiency,getEndpointExecutionRole,"(a) Validate the need for privileges by reviewing, [Assignment: organization-defined frequency], the privileges assigned to [Assignment: organization-defined roles or classes of users]; and (b) Reassign or remove privileges, if necessary, to correctly reflect organizational mission and business needs.",,
AC-6(7),AC-6(7).v4,4,AC,Least Privilege | Review of User Privileges,mixed,The fixture's role policy document is what an assessor can review to validate whether assigned privileges remain necessary.,sufficiency,getEndpointExecutionRole,"(a) Review [Assignment: organization-defined frequency] privileges given to [Assignment: organization-defined roles or classes of users] to validate that those privileges are needed; and (b) Reassign or remove privileges, if necessary, to correctly reflect organizational mission and business needs.",,
AC-6(9),AC-6(9).v0,0,AC,Least Privilege | Log Use of Privileged Functions,specific,CloudTrail CreateEndpoint and UpdateEndpoint records are the fixture's log of privileged endpoint operations.,sufficiency,getCloudTrailEvents,Log the execution of privileged functions.,,v0: official NIST SP 800-53 Rev 5 statement copied from CSRC control-catalog xlsx (retrieved 2026-08-29); whitespace normalized only
AC-6(9),AC-6(9).v1,1,AC,Least Privilege | Log Use of Privileged Functions,specific,CloudTrail CreateEndpoint and UpdateEndpoint records are the fixture's log of privileged endpoint operations.,sufficiency,getCloudTrailEvents,Record the execution of privileged functions in a log.,,
AC-6(9),AC-6(9).v2,2,AC,Least Privilege | Log Use of Privileged Functions,specific,CloudTrail CreateEndpoint and UpdateEndpoint records are the fixture's log of privileged endpoint operations.,sufficiency,getCloudTrailEvents,Privileged-function execution is logged.,,
AC-6(9),AC-6(9).v3,3,AC,Least Privilege | Log Use of Privileged Functions,specific,CloudTrail CreateEndpoint and UpdateEndpoint records are the fixture's log of privileged endpoint operations.,sufficiency,getCloudTrailEvents,Capture logs of the execution of privileged functions.,,
AC-6(9),AC-6(9).v4,4,AC,Least Privilege | Log Use of Privileged Functions,specific,CloudTrail CreateEndpoint and UpdateEndpoint records are the fixture's log of privileged endpoint operations.,sufficiency,getCloudTrailEvents,Maintain a log of the execution of privileged functions.,,
AC-6(10),AC-6(10).v0,0,AC,Least Privilege | Prohibit Non-privileged Users from Executing Privileged Functions,specific,Role actions plus CloudTrail user identities show whether non-privileged actors can run privileged endpoint functions.,synthesis,getEndpointExecutionRole|getCloudTrailEvents,Prevent non-privileged users from executing privileged functions.,,v0: official NIST SP 800-53 Rev 5 statement copied from CSRC control-catalog xlsx (retrieved 2026-08-29); whitespace normalized only
AC-6(10),AC-6(10).v1,1,AC,Least Privilege | Prohibit Non-privileged Users from Executing Privileged Functions,specific,Role actions plus CloudTrail user identities show whether non-privileged actors can run privileged endpoint functions.,synthesis,getEndpointExecutionRole|getCloudTrailEvents,Stop non-privileged users from executing privileged functions.,,
AC-6(10),AC-6(10).v2,2,AC,Least Privilege | Prohibit Non-privileged Users from Executing Privileged Functions,specific,Role actions plus CloudTrail user identities show whether non-privileged actors can run privileged endpoint functions.,synthesis,getEndpointExecutionRole|getCloudTrailEvents,Non-privileged users are not permitted to execute privileged functions.,,
AC-6(10),AC-6(10).v3,3,AC,Least Privilege | Prohibit Non-privileged Users from Executing Privileged Functions,specific,Role actions plus CloudTrail user identities show whether non-privileged actors can run privileged endpoint functions.,synthesis,getEndpointExecutionRole|getCloudTrailEvents,Block execution of privileged functions by non-privileged users.,,
AC-6(10),AC-6(10).v4,4,AC,Least Privilege | Prohibit Non-privileged Users from Executing Privileged Functions,specific,Role actions plus CloudTrail user identities show whether non-privileged actors can run privileged endpoint functions.,synthesis,getEndpointExecutionRole|getCloudTrailEvents,Do not allow non-privileged users to execute privileged functions.,,
AU-2,AU-2.v0,0,AU,Event Logging,mixed,"The CloudTrail event set is what the fixture can log for this endpoint; an assessor can judge whether those event types are identified, selected, and adequate.",sufficiency,getCloudTrailEvents,a. Identify the types of events that the system is capable of logging in support of the audit function: [Assignment: organization-defined event types that the system is capable of logging]; b. Coordinate the event logging function with other organizational entities requiring audit-related information to guide and inform the selection criteria for events to be logged; c. Specify the following event types for logging within the system: [Assignment: organization-defined event types (subset of the event types defined in AU-2a.) along with the frequency of (or situation requiring) logging for each identified event type]; d. Provide a rationale for why the event types selected for logging are deemed to be adequate to support after-the-fact investigations of incidents; and e. Review and update the event types selected for logging [Assignment: organization-defined frequency].,,v0: official NIST SP 800-53 Rev 5 statement copied from CSRC control-catalog xlsx (retrieved 2026-08-29); whitespace normalized only
AU-2,AU-2.v1,1,AU,Event Logging,mixed,"The CloudTrail event set is what the fixture can log for this endpoint; an assessor can judge whether those event types are identified, selected, and adequate.",sufficiency,getCloudTrailEvents,"a. Identify the event types the system can log in support of the audit function: [Assignment: organization-defined event types that the system is capable of logging]; b. Coordinate event logging with other organizational entities that need audit-related information, to guide and inform the selection criteria for events to be logged; c. Specify these event types for logging within the system: [Assignment: organization-defined event types (subset of the event types defined in AU-2a.) along with the frequency of (or situation requiring) logging for each identified event type]; d. Provide a rationale for why the event types selected for logging are deemed to be adequate to support after-the-fact investigations of incidents; and e. Review and update the event types selected for logging [Assignment: organization-defined frequency].",,
AU-2,AU-2.v2,2,AU,Event Logging,mixed,"The CloudTrail event set is what the fixture can log for this endpoint; an assessor can judge whether those event types are identified, selected, and adequate.",sufficiency,getCloudTrailEvents,a. Determine which types of events the system is capable of logging in support of the audit function: [Assignment: organization-defined event types that the system is capable of logging]; b. Work with other organizational entities requiring audit-related information so that their needs guide and inform the selection criteria for events to be logged; c. Specify the following event types for logging within the system: [Assignment: organization-defined event types (subset of the event types defined in AU-2a.) along with the frequency of (or situation requiring) logging for each identified event type]; d. Explain why the event types selected for logging are deemed to be adequate to support after-the-fact investigations of incidents; and e. Review and update the selected event types [Assignment: organization-defined frequency].,,
AU-2,AU-2.v3,3,AU,Event Logging,mixed,"The CloudTrail event set is what the fixture can log for this endpoint; an assessor can judge whether those event types are identified, selected, and adequate.",sufficiency,getCloudTrailEvents,"a. Identify the types of events that the system is capable of logging in support of the audit function: [Assignment: organization-defined event types that the system is capable of logging]; b. Coordinate the event logging function with other organizational entities requiring audit-related information so as to guide and inform selection criteria for events to be logged; c. Within the system, specify the following event types for logging: [Assignment: organization-defined event types (subset of the event types defined in AU-2a.) along with the frequency of (or situation requiring) logging for each identified event type]; d. Give a rationale that the event types selected for logging are deemed to be adequate to support after-the-fact investigations of incidents; and e. At [Assignment: organization-defined frequency], review and update the event types selected for logging.",,
AU-2,AU-2.v4,4,AU,Event Logging,mixed,"The CloudTrail event set is what the fixture can log for this endpoint; an assessor can judge whether those event types are identified, selected, and adequate.",sufficiency,getCloudTrailEvents,a. Identify the types of events that the system is capable of logging in support of the audit function: [Assignment: organization-defined event types that the system is capable of logging]; b. Coordinate the event logging function with other organizational entities requiring audit-related information to guide and inform the selection criteria for events to be logged; c. Specify the following event types for logging within the system: [Assignment: organization-defined event types (subset of the event types defined in AU-2a.) along with the frequency of (or situation requiring) logging for each identified event type]; d. Provide a rationale for why the selected logging event types are deemed to be adequate to support after-the-fact incident investigations; and e. Review and update the event types selected for logging [Assignment: organization-defined frequency].,,
AU-3,AU-3.v0,0,AU,Content of Audit Records,specific,"Each CloudTrail record carries event name, time, user identity, and request parameters that an assessor can check against required audit-record content.",sufficiency,getCloudTrailEvents,"Ensure that audit records contain information that establishes the following: a. What type of event occurred; b. When the event occurred; c. Where the event occurred; d. Source of the event; e. Outcome of the event; and f. Identity of any individuals, subjects, or objects/entities associated with the event.",,v0: official NIST SP 800-53 Rev 5 statement copied from CSRC control-catalog xlsx (retrieved 2026-08-29); whitespace normalized only
AU-3,AU-3.v1,1,AU,Content of Audit Records,specific,"Each CloudTrail record carries event name, time, user identity, and request parameters that an assessor can check against required audit-record content.",sufficiency,getCloudTrailEvents,"Make certain that audit records contain information establishing the following: a. What type of event occurred; b. When the event occurred; c. Where the event occurred; d. Source of the event; e. Outcome of the event; and f. Identity of any individuals, subjects, or objects/entities associated with the event.",,
AU-3,AU-3.v2,2,AU,Content of Audit Records,specific,"Each CloudTrail record carries event name, time, user identity, and request parameters that an assessor can check against required audit-record content.",sufficiency,getCloudTrailEvents,"Audit records contain information that establishes: a. What type of event occurred; b. When the event occurred; c. Where the event occurred; d. Source of the event; e. Outcome of the event; and f. Identity of any individuals, subjects, or objects/entities associated with the event.",,
AU-3,AU-3.v3,3,AU,Content of Audit Records,specific,"Each CloudTrail record carries event name, time, user identity, and request parameters that an assessor can check against required audit-record content.",sufficiency,getCloudTrailEvents,"Ensure audit records include information that establishes all of the following: a. What type of event occurred; b. When the event occurred; c. Where the event occurred; d. Source of the event; e. Outcome of the event; and f. Identity of any individuals, subjects, or objects/entities associated with the event.",,
AU-3,AU-3.v4,4,AU,Content of Audit Records,specific,"Each CloudTrail record carries event name, time, user identity, and request parameters that an assessor can check against required audit-record content.",sufficiency,getCloudTrailEvents,"Audit records are to contain information establishing: a. The type of event that occurred; b. When the event occurred; c. Where the event occurred; d. The source of the event; e. The outcome of the event; and f. The identity of any individuals, subjects, or objects/entities associated with the event.",,
AU-6,AU-6.v0,0,AU,"Audit Record Review, Analysis, and Reporting",mixed,CloudTrail plus failed monitor runs are the fixture's audit-like records an assessor can review for unusual activity and impact.,synthesis,getCloudTrailEvents|getModelMonitorSchedules,"a. Review and analyze system audit records [Assignment: organization-defined frequency] for indications of [Assignment: organization-defined inappropriate or unusual activity] and the potential impact of the inappropriate or unusual activity; b. Report findings to [Assignment: organization-defined personnel or roles]; and c. Adjust the level of audit record review, analysis, and reporting within the system when there is a change in risk based on law enforcement information, intelligence information, or other credible sources of information.",,v0: official NIST SP 800-53 Rev 5 statement copied from CSRC control-catalog xlsx (retrieved 2026-08-29); whitespace normalized only
AU-6,AU-6.v1,1,AU,"Audit Record Review, Analysis, and Reporting",mixed,CloudTrail plus failed monitor runs are the fixture's audit-like records an assessor can review for unusual activity and impact.,synthesis,getCloudTrailEvents|getModelMonitorSchedules,"a. Review and analyze system audit records [Assignment: organization-defined frequency] looking for indications of [Assignment: organization-defined inappropriate or unusual activity] and for the potential impact of that inappropriate or unusual activity; b. Report findings to [Assignment: organization-defined personnel or roles]; and c. Adjust the level of audit record review, analysis, and reporting within the system when risk changes based on law enforcement information, intelligence information, or other credible sources of information.",,
AU-6,AU-6.v2,2,AU,"Audit Record Review, Analysis, and Reporting",mixed,CloudTrail plus failed monitor runs are the fixture's audit-like records an assessor can review for unusual activity and impact.,synthesis,getCloudTrailEvents|getModelMonitorSchedules,"a. At [Assignment: organization-defined frequency], review and analyze system audit records for indications of [Assignment: organization-defined inappropriate or unusual activity] and the potential impact of the inappropriate or unusual activity; b. Report findings to [Assignment: organization-defined personnel or roles]; and c. When there is a change in risk based on law enforcement information, intelligence information, or other credible sources of information, adjust the level of audit record review, analysis, and reporting within the system.",,
AU-6,AU-6.v3,3,AU,"Audit Record Review, Analysis, and Reporting",mixed,CloudTrail plus failed monitor runs are the fixture's audit-like records an assessor can review for unusual activity and impact.,synthesis,getCloudTrailEvents|getModelMonitorSchedules,"a. Examine and analyze system audit records [Assignment: organization-defined frequency] for indications of [Assignment: organization-defined inappropriate or unusual activity] and the potential impact of the inappropriate or unusual activity; b. Communicate findings to [Assignment: organization-defined personnel or roles]; and c. Adjust the level of audit record review, analysis, and reporting within the system when there is a change in risk based on law enforcement information, intelligence information, or other credible sources of information.",,
AU-6,AU-6.v4,4,AU,"Audit Record Review, Analysis, and Reporting",mixed,CloudTrail plus failed monitor runs are the fixture's audit-like records an assessor can review for unusual activity and impact.,synthesis,getCloudTrailEvents|getModelMonitorSchedules,"a. Review and analyze system audit records [Assignment: organization-defined frequency] for indications of [Assignment: organization-defined inappropriate or unusual activity] and the potential impact of the inappropriate or unusual activity; b. Findings are reported to [Assignment: organization-defined personnel or roles]; and c. The level of audit record review, analysis, and reporting within the system is adjusted when there is a change in risk based on law enforcement information, intelligence information, or other credible sources of information.",,
AU-6(3),AU-6(3).v0,0,AU,"Audit Record Review, Analysis, and Reporting | Correlate Audit Record Repositories",specific,CloudTrail and model-monitor histories are distinct record stores the fixture can correlate for endpoint situational awareness.,correlation,getCloudTrailEvents|getModelMonitorSchedules,Analyze and correlate audit records across different repositories to gain organization-wide situational awareness.,,v0: official NIST SP 800-53 Rev 5 statement copied from CSRC control-catalog xlsx (retrieved 2026-08-29); whitespace normalized only
AU-6(3),AU-6(3).v1,1,AU,"Audit Record Review, Analysis, and Reporting | Correlate Audit Record Repositories",specific,CloudTrail and model-monitor histories are distinct record stores the fixture can correlate for endpoint situational awareness.,correlation,getCloudTrailEvents|getModelMonitorSchedules,Correlate and analyze audit records across different repositories to gain organization-wide situational awareness.,,
AU-6(3),AU-6(3).v2,2,AU,"Audit Record Review, Analysis, and Reporting | Correlate Audit Record Repositories",specific,CloudTrail and model-monitor histories are distinct record stores the fixture can correlate for endpoint situational awareness.,correlation,getCloudTrailEvents|getModelMonitorSchedules,Gain organization-wide situational awareness by analyzing and correlating audit records across different repositories.,,
AU-6(3),AU-6(3).v3,3,AU,"Audit Record Review, Analysis, and Reporting | Correlate Audit Record Repositories",specific,CloudTrail and model-monitor histories are distinct record stores the fixture can correlate for endpoint situational awareness.,correlation,getCloudTrailEvents|getModelMonitorSchedules,"Across different repositories, analyze and correlate audit records in order to gain organization-wide situational awareness.",,
AU-6(3),AU-6(3).v4,4,AU,"Audit Record Review, Analysis, and Reporting | Correlate Audit Record Repositories",specific,CloudTrail and model-monitor histories are distinct record stores the fixture can correlate for endpoint situational awareness.,correlation,getCloudTrailEvents|getModelMonitorSchedules,Audit records in different repositories are analyzed and correlated to gain organization-wide situational awareness.,,
AU-8,AU-8.v0,0,AU,Time Stamps,specific,CloudTrail eventTime values (UTC) are the fixture's audit time stamps.,sufficiency,getCloudTrailEvents,"a. Use internal system clocks to generate time stamps for audit records; and b. Record time stamps for audit records that meet [Assignment: organization-defined granularity of time measurement] and that use Coordinated Universal Time, have a fixed local time offset from Coordinated Universal Time, or that include the local time offset as part of the time stamp.",,v0: official NIST SP 800-53 Rev 5 statement copied from CSRC control-catalog xlsx (retrieved 2026-08-29); whitespace normalized only
AU-8,AU-8.v1,1,AU,Time Stamps,specific,CloudTrail eventTime values (UTC) are the fixture's audit time stamps.,sufficiency,getCloudTrailEvents,"a. Generate time stamps for audit records using internal system clocks; and b. Record time stamps for audit records that meet [Assignment: organization-defined granularity of time measurement] and that use Coordinated Universal Time, have a fixed local time offset from Coordinated Universal Time, or that include the local time offset as part of the time stamp.",,
AU-8,AU-8.v2,2,AU,Time Stamps,specific,CloudTrail eventTime values (UTC) are the fixture's audit time stamps.,sufficiency,getCloudTrailEvents,"a. Internal system clocks are used to generate time stamps for audit records; and b. Time stamps recorded for audit records meet [Assignment: organization-defined granularity of time measurement] and use Coordinated Universal Time, have a fixed local time offset from Coordinated Universal Time, or include the local time offset as part of the time stamp.",,
AU-8,AU-8.v3,3,AU,Time Stamps,specific,CloudTrail eventTime values (UTC) are the fixture's audit time stamps.,sufficiency,getCloudTrailEvents,"a. Use internal system clocks to produce time stamps for audit records; and b. Record, for audit records, time stamps meeting [Assignment: organization-defined granularity of time measurement] that use Coordinated Universal Time, have a fixed local time offset from Coordinated Universal Time, or that include the local time offset as part of the time stamp.",,
AU-8,AU-8.v4,4,AU,Time Stamps,specific,CloudTrail eventTime values (UTC) are the fixture's audit time stamps.,sufficiency,getCloudTrailEvents,"a. Use internal system clocks to generate time stamps for audit records; and b. Audit-record time stamps meet [Assignment: organization-defined granularity of time measurement] and use Coordinated Universal Time, have a fixed local time offset from Coordinated Universal Time, or include the local time offset as part of the time stamp.",,
AU-12,AU-12.v0,0,AU,Audit Record Generation,specific,CloudTrail on this endpoint is the fixture's audit-record generation capability for deploy and change events.,sufficiency,getCloudTrailEvents,a. Provide audit record generation capability for the event types the system is capable of auditing as defined in AU-2a on [Assignment: organization-defined system components]; b. Allow [Assignment: organization-defined personnel or roles] to select the event types that are to be logged by specific components of the system; and c. Generate audit records for the event types defined in AU-2c that include the audit record content defined in AU-3.,,v0: official NIST SP 800-53 Rev 5 statement copied from CSRC control-catalog xlsx (retrieved 2026-08-29); whitespace normalized only
AU-12,AU-12.v1,1,AU,Audit Record Generation,specific,CloudTrail on this endpoint is the fixture's audit-record generation capability for deploy and change events.,sufficiency,getCloudTrailEvents,a. Provide the capability to generate audit records for the event types the system is capable of auditing as defined in AU-2a on [Assignment: organization-defined system components]; b. Allow [Assignment: organization-defined personnel or roles] to select the event types that are to be logged by specific components of the system; and c. Generate audit records for the event types defined in AU-2c that include the audit record content defined in AU-3.,,
AU-12,AU-12.v2,2,AU,Audit Record Generation,specific,CloudTrail on this endpoint is the fixture's audit-record generation capability for deploy and change events.,sufficiency,getCloudTrailEvents,"a. On [Assignment: organization-defined system components], provide audit record generation capability for the event types the system is capable of auditing as defined in AU-2a; b. Permit [Assignment: organization-defined personnel or roles] to select the event types that are to be logged by specific components of the system; and c. Generate audit records for the AU-2c event types that include the AU-3 audit record content.",,
AU-12,AU-12.v3,3,AU,Audit Record Generation,specific,CloudTrail on this endpoint is the fixture's audit-record generation capability for deploy and change events.,sufficiency,getCloudTrailEvents,a. Supply audit record generation capability for the event types the system is capable of auditing as defined in AU-2a on [Assignment: organization-defined system components]; b. [Assignment: organization-defined personnel or roles] are allowed to select the event types that are to be logged by specific components of the system; and c. Audit records are generated for the event types defined in AU-2c and include the audit record content defined in AU-3.,,
AU-12,AU-12.v4,4,AU,Audit Record Generation,specific,CloudTrail on this endpoint is the fixture's audit-record generation capability for deploy and change events.,sufficiency,getCloudTrailEvents,a. Provide audit record generation capability for the event types the system is capable of auditing as defined in AU-2a on [Assignment: organization-defined system components]; b. Allow [Assignment: organization-defined personnel or roles] to choose which event types specific components of the system log; and c. Generate audit records for the event types defined in AU-2c that include the audit record content defined in AU-3.,,
AU-12(1),AU-12(1).v0,0,AU,Audit Record Generation | System-wide and Time-correlated Audit Trail,specific,Registry timestamps and CloudTrail event times can be compiled into a time-correlated trail of approval versus deploy.,correlation,getCloudTrailEvents|getModelRegistryEntry,Compile audit records from [Assignment: organization-defined system components] into a system-wide (logical or physical) audit trail that is time-correlated to within [Assignment: organization-defined level of tolerance for the relationship between time stamps of individual records in the audit trail].,,v0: official NIST SP 800-53 Rev 5 statement copied from CSRC control-catalog xlsx (retrieved 2026-08-29); whitespace normalized only
AU-12(1),AU-12(1).v1,1,AU,Audit Record Generation | System-wide and Time-correlated Audit Trail,specific,Registry timestamps and CloudTrail event times can be compiled into a time-correlated trail of approval versus deploy.,correlation,getCloudTrailEvents|getModelRegistryEntry,Gather audit records from [Assignment: organization-defined system components] into a system-wide (logical or physical) audit trail that is time-correlated to within [Assignment: organization-defined level of tolerance for the relationship between time stamps of individual records in the audit trail].,,
AU-12(1),AU-12(1).v2,2,AU,Audit Record Generation | System-wide and Time-correlated Audit Trail,specific,Registry timestamps and CloudTrail event times can be compiled into a time-correlated trail of approval versus deploy.,correlation,getCloudTrailEvents|getModelRegistryEntry,Audit records from [Assignment: organization-defined system components] are compiled into a system-wide (logical or physical) audit trail time-correlated to within [Assignment: organization-defined level of tolerance for the relationship between time stamps of individual records in the audit trail].,,
AU-12(1),AU-12(1).v3,3,AU,Audit Record Generation | System-wide and Time-correlated Audit Trail,specific,Registry timestamps and CloudTrail event times can be compiled into a time-correlated trail of approval versus deploy.,correlation,getCloudTrailEvents|getModelRegistryEntry,"Compile, from [Assignment: organization-defined system components], audit records into a system-wide (logical or physical) audit trail that is time-correlated to within [Assignment: organization-defined level of tolerance for the relationship between time stamps of individual records in the audit trail].",,
AU-12(1),AU-12(1).v4,4,AU,Audit Record Generation | System-wide and Time-correlated Audit Trail,specific,Registry timestamps and CloudTrail event times can be compiled into a time-correlated trail of approval versus deploy.,correlation,getCloudTrailEvents|getModelRegistryEntry,"Form a system-wide (logical or physical) audit trail by compiling audit records from [Assignment: organization-defined system components], time-correlated to within [Assignment: organization-defined level of tolerance for the relationship between time stamps of individual records in the audit trail].",,
CM-2,CM-2.v0,0,CM,Baseline Configuration,mixed,The registry package version plus endpoint configuration are the fixture's current baseline of what is deployed.,synthesis,getModelRegistryEntry|getEndpointConfig,"a. Develop, document, and maintain under configuration control, a current baseline configuration of the system; and b. Review and update the baseline configuration of the system: 1. [Assignment: organization-defined frequency]; 2. When required due to [Assignment: organization-defined circumstances]; and 3. When system components are installed or upgraded.",,v0: official NIST SP 800-53 Rev 5 statement copied from CSRC control-catalog xlsx (retrieved 2026-08-29); whitespace normalized only
CM-2,CM-2.v1,1,CM,Baseline Configuration,mixed,The registry package version plus endpoint configuration are the fixture's current baseline of what is deployed.,synthesis,getModelRegistryEntry|getEndpointConfig,"a. Develop, document, and keep under configuration control a current baseline configuration of the system; and b. Review and update the baseline configuration of the system: 1. [Assignment: organization-defined frequency]; 2. When required due to [Assignment: organization-defined circumstances]; and 3. When system components are installed or upgraded.",,
CM-2,CM-2.v2,2,CM,Baseline Configuration,mixed,The registry package version plus endpoint configuration are the fixture's current baseline of what is deployed.,synthesis,getModelRegistryEntry|getEndpointConfig,"a. A current baseline configuration of the system is developed, documented, and maintained under configuration control; and b. The baseline configuration of the system is reviewed and updated: 1. [Assignment: organization-defined frequency]; 2. When required due to [Assignment: organization-defined circumstances]; and 3. When system components are installed or upgraded.",,
CM-2,CM-2.v3,3,CM,Baseline Configuration,mixed,The registry package version plus endpoint configuration are the fixture's current baseline of what is deployed.,synthesis,getModelRegistryEntry|getEndpointConfig,"a. Develop, document, and maintain a current system baseline configuration under configuration control; and b. Review and update that baseline configuration: 1. [Assignment: organization-defined frequency]; 2. When required due to [Assignment: organization-defined circumstances]; and 3. When system components are installed or upgraded.",,
CM-2,CM-2.v4,4,CM,Baseline Configuration,mixed,The registry package version plus endpoint configuration are the fixture's current baseline of what is deployed.,synthesis,getModelRegistryEntry|getEndpointConfig,"a. Under configuration control, develop, document, and maintain a current baseline configuration of the system; and b. Review and update the system's baseline configuration: 1. [Assignment: organization-defined frequency]; 2. When required due to [Assignment: organization-defined circumstances]; and 3. When system components are installed or upgraded.",,
CM-3,CM-3.v0,0,CM,Configuration Change Control,specific,"CloudTrail deploys versus registry approval time show whether configuration-controlled model changes were reviewed, approved, recorded, and implemented in order.",correlation,getCloudTrailEvents|getModelRegistryEntry,a. Determine and document the types of changes to the system that are configuration-controlled; b. Review proposed configuration-controlled changes to the system and approve or disapprove such changes with explicit consideration for security and privacy impact analyses; c. Document configuration change decisions associated with the system; d. Implement approved configuration-controlled changes to the system; e. Retain records of configuration-controlled changes to the system for [Assignment: organization-defined time period]; f. Monitor and review activities associated with configuration-controlled changes to the system; and g. Coordinate and provide oversight for configuration change control activities through [Assignment: organization-defined configuration change control element] that convenes [Selection (one or more): [Assignment: organization-defined frequency]; when [Assignment: organization-defined configuration change conditions]].,,v0: official NIST SP 800-53 Rev 5 statement copied from CSRC control-catalog xlsx (retrieved 2026-08-29); whitespace normalized only
CM-3,CM-3.v1,1,CM,Configuration Change Control,specific,"CloudTrail deploys versus registry approval time show whether configuration-controlled model changes were reviewed, approved, recorded, and implemented in order.",correlation,getCloudTrailEvents|getModelRegistryEntry,a. Determine and document which types of changes to the system are configuration-controlled; b. Review proposed configuration-controlled changes to the system and approve or disapprove those changes with explicit consideration for security and privacy impact analyses; c. Document configuration change decisions associated with the system; d. Implement approved configuration-controlled changes to the system; e. Retain records of configuration-controlled changes to the system for [Assignment: organization-defined time period]; f. Monitor and review activities associated with configuration-controlled changes to the system; and g. Coordinate and provide oversight for configuration change control activities through [Assignment: organization-defined configuration change control element] that convenes [Selection (one or more): [Assignment: organization-defined frequency]; when [Assignment: organization-defined configuration change conditions]].,,
CM-3,CM-3.v2,2,CM,Configuration Change Control,specific,"CloudTrail deploys versus registry approval time show whether configuration-controlled model changes were reviewed, approved, recorded, and implemented in order.",correlation,getCloudTrailEvents|getModelRegistryEntry,"a. Identify and document the types of system changes that are configuration-controlled; b. Review proposed configuration-controlled changes to the system and, with explicit consideration for security and privacy impact analyses, approve or disapprove such changes; c. Record configuration change decisions associated with the system; d. Put approved configuration-controlled changes to the system into effect; e. Keep records of configuration-controlled changes to the system for [Assignment: organization-defined time period]; f. Monitor and review activities associated with configuration-controlled changes to the system; and g. Coordinate and oversee configuration change control activities through [Assignment: organization-defined configuration change control element] that convenes [Selection (one or more): [Assignment: organization-defined frequency]; when [Assignment: organization-defined configuration change conditions]].",,
CM-3,CM-3.v3,3,CM,Configuration Change Control,specific,"CloudTrail deploys versus registry approval time show whether configuration-controlled model changes were reviewed, approved, recorded, and implemented in order.",correlation,getCloudTrailEvents|getModelRegistryEntry,"a. Determine and document the types of changes to the system that are configuration-controlled; b. With explicit consideration for security and privacy impact analyses, review proposed configuration-controlled changes to the system and approve or disapprove such changes; c. Document the system's associated configuration change decisions; d. Implement approved configuration-controlled changes to the system; e. For [Assignment: organization-defined time period], retain records of configuration-controlled changes to the system; f. Monitor and review activities associated with configuration-controlled changes to the system; and g. Through [Assignment: organization-defined configuration change control element] that convenes [Selection (one or more): [Assignment: organization-defined frequency]; when [Assignment: organization-defined configuration change conditions]], coordinate and provide oversight for configuration change control activities.",,
CM-3,CM-3.v4,4,CM,Configuration Change Control,specific,"CloudTrail deploys versus registry approval time show whether configuration-controlled model changes were reviewed, approved, recorded, and implemented in order.",correlation,getCloudTrailEvents|getModelRegistryEntry,a. Determine and document the types of changes to the system that are configuration-controlled; b. Review proposed configuration-controlled changes to the system and approve or disapprove such changes with explicit consideration for security and privacy impact analyses; c. Document configuration change decisions associated with the system; d. Implement the approved configuration-controlled changes to the system; e. Retain records of the system's configuration-controlled changes for [Assignment: organization-defined time period]; f. Review and monitor activities associated with configuration-controlled changes to the system; and g. Coordinate and provide oversight for configuration change control activities through [Assignment: organization-defined configuration change control element] that convenes [Selection (one or more): [Assignment: organization-defined frequency]; when [Assignment: organization-defined configuration change conditions]].,,
CM-3(1),CM-3(1).v0,0,CM,"Configuration Change Control | Automated Documentation, Notification, and Prohibition of Changes",specific,"Registry approval status versus CloudTrail UpdateEndpoint/CreateEndpoint times show whether automated change records, approval, and prohibition-until-approval held.",correlation,getCloudTrailEvents|getModelRegistryEntry,Use [Assignment: organization-defined automated mechanisms] to: (a) Document proposed changes to the system; (b) Notify [Assignment: organization-defined approval authorities] of proposed changes to the system and request change approval; (c) Highlight proposed changes to the system that have not been approved or disapproved within [Assignment: organization-defined time period]; (d) Prohibit changes to the system until designated approvals are received; (e) Document all changes to the system; and (f) Notify [Assignment: organization-defined personnel] when approved changes to the system are completed.,,v0: official NIST SP 800-53 Rev 5 statement copied from CSRC control-catalog xlsx (retrieved 2026-08-29); whitespace normalized only
CM-3(1),CM-3(1).v1,1,CM,"Configuration Change Control | Automated Documentation, Notification, and Prohibition of Changes",specific,"Registry approval status versus CloudTrail UpdateEndpoint/CreateEndpoint times show whether automated change records, approval, and prohibition-until-approval held.",correlation,getCloudTrailEvents|getModelRegistryEntry,Employ [Assignment: organization-defined automated mechanisms] to: (a) Document proposed changes to the system; (b) Notify [Assignment: organization-defined approval authorities] of proposed changes to the system and request change approval; (c) Highlight proposed changes to the system that have not been approved or disapproved within [Assignment: organization-defined time period]; (d) Prohibit changes to the system until designated approvals are received; (e) Document all changes to the system; and (f) Notify [Assignment: organization-defined personnel] when approved changes to the system are completed.,,
CM-3(1),CM-3(1).v2,2,CM,"Configuration Change Control | Automated Documentation, Notification, and Prohibition of Changes",specific,"Registry approval status versus CloudTrail UpdateEndpoint/CreateEndpoint times show whether automated change records, approval, and prohibition-until-approval held.",correlation,getCloudTrailEvents|getModelRegistryEntry,Using [Assignment: organization-defined automated mechanisms]: (a) Document proposed changes to the system; (b) Notify [Assignment: organization-defined approval authorities] of proposed system changes and request change approval; (c) Highlight proposed system changes not approved or disapproved within [Assignment: organization-defined time period]; (d) Prohibit changes to the system until designated approvals are received; (e) Document all changes to the system; and (f) Notify [Assignment: organization-defined personnel] when approved system changes are completed.,,
CM-3(1),CM-3(1).v3,3,CM,"Configuration Change Control | Automated Documentation, Notification, and Prohibition of Changes",specific,"Registry approval status versus CloudTrail UpdateEndpoint/CreateEndpoint times show whether automated change records, approval, and prohibition-until-approval held.",correlation,getCloudTrailEvents|getModelRegistryEntry,Use [Assignment: organization-defined automated mechanisms] so as to: (a) Document proposed changes to the system; (b) Inform [Assignment: organization-defined approval authorities] of proposed changes to the system and request change approval; (c) Highlight proposed changes to the system that have not been approved or disapproved within [Assignment: organization-defined time period]; (d) Bar changes to the system until designated approvals are received; (e) Document all changes to the system; and (f) Inform [Assignment: organization-defined personnel] when approved changes to the system are completed.,,
CM-3(1),CM-3(1).v4,4,CM,"Configuration Change Control | Automated Documentation, Notification, and Prohibition of Changes",specific,"Registry approval status versus CloudTrail UpdateEndpoint/CreateEndpoint times show whether automated change records, approval, and prohibition-until-approval held.",correlation,getCloudTrailEvents|getModelRegistryEntry,[Assignment: organization-defined automated mechanisms] are used to: (a) Document proposed changes to the system; (b) Notify [Assignment: organization-defined approval authorities] of proposed changes to the system and request change approval; (c) Highlight proposed changes to the system that have not been approved or disapproved within [Assignment: organization-defined time period]; (d) Prohibit changes to the system until designated approvals are received; (e) Document all changes to the system; and (f) Notify [Assignment: organization-defined personnel] when approved changes to the system are completed.,,
CM-3(2),CM-3(2).v0,0,CM,"Configuration Change Control | Testing, Validation, and Documentation of Changes",specific,A hotfix UpdateEndpoint with no matching registry entry is the fixture's signal that a change was finalized without documented validation.,correlation,getCloudTrailEvents|getModelRegistryEntry,"Test, validate, and document changes to the system before finalizing the implementation of the changes.",,v0: official NIST SP 800-53 Rev 5 statement copied from CSRC control-catalog xlsx (retrieved 2026-08-29); whitespace normalized only
CM-3(2),CM-3(2).v1,1,CM,"Configuration Change Control | Testing, Validation, and Documentation of Changes",specific,A hotfix UpdateEndpoint with no matching registry entry is the fixture's signal that a change was finalized without documented validation.,correlation,getCloudTrailEvents|getModelRegistryEntry,"Before finalizing the implementation of changes to the system, test, validate, and document those changes.",,
CM-3(2),CM-3(2).v2,2,CM,"Configuration Change Control | Testing, Validation, and Documentation of Changes",specific,A hotfix UpdateEndpoint with no matching registry entry is the fixture's signal that a change was finalized without documented validation.,correlation,getCloudTrailEvents|getModelRegistryEntry,"System changes are tested, validated, and documented before finalizing the implementation of the changes.",,
CM-3(2),CM-3(2).v3,3,CM,"Configuration Change Control | Testing, Validation, and Documentation of Changes",specific,A hotfix UpdateEndpoint with no matching registry entry is the fixture's signal that a change was finalized without documented validation.,correlation,getCloudTrailEvents|getModelRegistryEntry,"Do not finalize implementation of changes to the system until the changes have been tested, validated, and documented.",,
CM-3(2),CM-3(2).v4,4,CM,"Configuration Change Control | Testing, Validation, and Documentation of Changes",specific,A hotfix UpdateEndpoint with no matching registry entry is the fixture's signal that a change was finalized without documented validation.,correlation,getCloudTrailEvents|getModelRegistryEntry,"Testing, validation, and documentation of changes to the system occur before the implementation of those changes is finalized.",,
CM-6,CM-6.v0,0,CM,Configuration Settings,mixed,"Endpoint, network isolation, and KMS settings are the fixture's implemented configuration of the running model service.",synthesis,getEndpointConfig|getEndpointNetworkConfig|getKMSConfig,"a. Establish and document configuration settings for components employed within the system that reflect the most restrictive mode consistent with operational requirements using [Assignment: organization-defined common secure configurations]; b. Implement the configuration settings; c. Identify, document, and approve any deviations from established configuration settings for [Assignment: organization-defined system components] based on [Assignment: organization-defined operational requirements]; and d. Monitor and control changes to the configuration settings in accordance with organizational policies and procedures.",,v0: official NIST SP 800-53 Rev 5 statement copied from CSRC control-catalog xlsx (retrieved 2026-08-29); whitespace normalized only
CM-6,CM-6.v1,1,CM,Configuration Settings,mixed,"Endpoint, network isolation, and KMS settings are the fixture's implemented configuration of the running model service.",synthesis,getEndpointConfig|getEndpointNetworkConfig|getKMSConfig,"a. Establish and document configuration settings for components employed within the system, reflecting the most restrictive mode consistent with operational requirements, using [Assignment: organization-defined common secure configurations]; b. Implement the configuration settings; c. Identify, document, and approve any deviations from established configuration settings for [Assignment: organization-defined system components] based on [Assignment: organization-defined operational requirements]; and d. Monitor and control changes to the configuration settings in accordance with organizational policies and procedures.",,
CM-6,CM-6.v2,2,CM,Configuration Settings,mixed,"Endpoint, network isolation, and KMS settings are the fixture's implemented configuration of the running model service.",synthesis,getEndpointConfig|getEndpointNetworkConfig|getKMSConfig,"a. Using [Assignment: organization-defined common secure configurations], establish and document configuration settings for components employed within the system that reflect the most restrictive mode consistent with operational requirements; b. Put the configuration settings into effect; c. Identify, document, and approve deviations from established configuration settings for [Assignment: organization-defined system components] based on [Assignment: organization-defined operational requirements]; and d. In accordance with organizational policies and procedures, monitor and control changes to the configuration settings.",,
CM-6,CM-6.v3,3,CM,Configuration Settings,mixed,"Endpoint, network isolation, and KMS settings are the fixture's implemented configuration of the running model service.",synthesis,getEndpointConfig|getEndpointNetworkConfig|getKMSConfig,"a. Establish and document, for components employed within the system, configuration settings that reflect the most restrictive mode consistent with operational requirements using [Assignment: organization-defined common secure configurations]; b. Implement those configuration settings; c. Based on [Assignment: organization-defined operational requirements], identify, document, and approve any deviations from established configuration settings for [Assignment: organization-defined system components]; and d. Monitor and control changes to the configuration settings in accordance with organizational policies and procedures.",,
CM-6,CM-6.v4,4,CM,Configuration Settings,mixed,"Endpoint, network isolation, and KMS settings are the fixture's implemented configuration of the running model service.",synthesis,getEndpointConfig|getEndpointNetworkConfig|getKMSConfig,"a. Configuration settings for components employed within the system are established and documented to reflect the most restrictive mode consistent with operational requirements using [Assignment: organization-defined common secure configurations]; b. The configuration settings are implemented; c. Any deviations from established configuration settings for [Assignment: organization-defined system components] are identified, documented, and approved based on [Assignment: organization-defined operational requirements]; and d. Changes to the configuration settings are monitored and controlled in accordance with organizational policies and procedures.",,
CM-7(1),CM-7(1).v0,0,CM,Least Functionality | Periodic Review,mixed,"Instance type, broad IAM actions, and absent VPC/isolation are the fixture's running functions, services, and network posture to review as unnecessary or nonsecure.",synthesis,getEndpointConfig|getEndpointExecutionRole|getEndpointNetworkConfig,"(a) Review the system [Assignment: organization-defined frequency] to identify unnecessary and/or nonsecure functions, ports, protocols, software, and services; and (b) Disable or remove [Assignment: organization-defined functions, ports, protocols, software, and services within the system deemed to be unnecessary and/or nonsecure].",,v0: official NIST SP 800-53 Rev 5 statement copied from CSRC control-catalog xlsx (retrieved 2026-08-29); whitespace normalized only
CM-7(1),CM-7(1).v1,1,CM,Least Functionality | Periodic Review,mixed,"Instance type, broad IAM actions, and absent VPC/isolation are the fixture's running functions, services, and network posture to review as unnecessary or nonsecure.",synthesis,getEndpointConfig|getEndpointExecutionRole|getEndpointNetworkConfig,"(a) At [Assignment: organization-defined frequency], review the system to identify unnecessary and/or nonsecure functions, ports, protocols, software, and services; and (b) Disable or remove [Assignment: organization-defined functions, ports, protocols, software, and services within the system deemed to be unnecessary and/or nonsecure].",,
CM-7(1),CM-7(1).v2,2,CM,Least Functionality | Periodic Review,mixed,"Instance type, broad IAM actions, and absent VPC/isolation are the fixture's running functions, services, and network posture to review as unnecessary or nonsecure.",synthesis,getEndpointConfig|getEndpointExecutionRole|getEndpointNetworkConfig,"(a) Review the system [Assignment: organization-defined frequency] in order to identify functions, ports, protocols, software, and services that are unnecessary and/or nonsecure; and (b) Disable or remove [Assignment: organization-defined functions, ports, protocols, software, and services within the system deemed to be unnecessary and/or nonsecure].",,
CM-7(1),CM-7(1).v3,3,CM,Least Functionality | Periodic Review,mixed,"Instance type, broad IAM actions, and absent VPC/isolation are the fixture's running functions, services, and network posture to review as unnecessary or nonsecure.",synthesis,getEndpointConfig|getEndpointExecutionRole|getEndpointNetworkConfig,"(a) Identify unnecessary and/or nonsecure functions, ports, protocols, software, and services by reviewing the system [Assignment: organization-defined frequency]; and (b) Disable or remove [Assignment: organization-defined functions, ports, protocols, software, and services within the system deemed to be unnecessary and/or nonsecure].",,
CM-7(1),CM-7(1).v4,4,CM,Least Functionality | Periodic Review,mixed,"Instance type, broad IAM actions, and absent VPC/isolation are the fixture's running functions, services, and network posture to review as unnecessary or nonsecure.",synthesis,getEndpointConfig|getEndpointExecutionRole|getEndpointNetworkConfig,"(a) Review the system [Assignment: organization-defined frequency] to identify unnecessary and/or nonsecure functions, ports, protocols, software, and services; and (b) [Assignment: organization-defined functions, ports, protocols, software, and services within the system deemed to be unnecessary and/or nonsecure] are disabled or removed.",,
CM-8,CM-8.v0,0,CM,System Component Inventory,mixed,Registry package identity and the named endpoint/instance are the fixture's inventory of this model's deployed components.,synthesis,getModelRegistryEntry|getEndpointConfig,a. Develop and document an inventory of system components that: 1. Accurately reflects the system; 2. Includes all components within the system; 3. Does not include duplicate accounting of components or components assigned to any other system; 4. Is at the level of granularity deemed necessary for tracking and reporting; and 5. Includes the following information to achieve system component accountability: [Assignment: organization-defined information deemed necessary to achieve effective system component accountability]; and b. Review and update the system component inventory [Assignment: organization-defined frequency].,,v0: official NIST SP 800-53 Rev 5 statement copied from CSRC control-catalog xlsx (retrieved 2026-08-29); whitespace normalized only
CM-8,CM-8.v1,1,CM,System Component Inventory,mixed,Registry package identity and the named endpoint/instance are the fixture's inventory of this model's deployed components.,synthesis,getModelRegistryEntry|getEndpointConfig,a. Develop and document a system-component inventory that: 1. Accurately reflects the system; 2. Includes all components within the system; 3. Does not include duplicate accounting of components or components assigned to any other system; 4. Is at the level of granularity deemed necessary for tracking and reporting; and 5. Includes the following information to achieve system component accountability: [Assignment: organization-defined information deemed necessary to achieve effective system component accountability]; and b. Review and update the system component inventory [Assignment: organization-defined frequency].,,
CM-8,CM-8.v2,2,CM,System Component Inventory,mixed,Registry package identity and the named endpoint/instance are the fixture's inventory of this model's deployed components.,synthesis,getModelRegistryEntry|getEndpointConfig,"a. Develop and document an inventory of system components that: 1. Accurately reflects the system; 2. Includes all components within the system; 3. Does not include duplicate accounting of components or of components assigned to any other system; 4. Uses the granularity deemed necessary for tracking and reporting; and 5. Includes the following information to achieve system component accountability: [Assignment: organization-defined information deemed necessary to achieve effective system component accountability]; and b. At [Assignment: organization-defined frequency], review and update the system component inventory.",,
CM-8,CM-8.v3,3,CM,System Component Inventory,mixed,Registry package identity and the named endpoint/instance are the fixture's inventory of this model's deployed components.,synthesis,getModelRegistryEntry|getEndpointConfig,a. An inventory of system components is developed and documented that: 1. Accurately reflects the system; 2. Includes all components within the system; 3. Does not include duplicate accounting of components or components assigned to any other system; 4. Is at the level of granularity deemed necessary for tracking and reporting; and 5. Includes the following information to achieve system component accountability: [Assignment: organization-defined information deemed necessary to achieve effective system component accountability]; and b. The system component inventory is reviewed and updated [Assignment: organization-defined frequency].,,
CM-8,CM-8.v4,4,CM,System Component Inventory,mixed,Registry package identity and the named endpoint/instance are the fixture's inventory of this model's deployed components.,synthesis,getModelRegistryEntry|getEndpointConfig,a. Develop and document an inventory of system components that: 1. Accurately reflects the system; 2. Includes all components within the system; 3. Does not include duplicate accounting of components or components assigned to any other system; 4. Is at the level of granularity deemed necessary for tracking and reporting; and 5. Contains the following information to achieve system component accountability: [Assignment: organization-defined information deemed necessary to achieve effective system component accountability]; and b. Review and update the system component inventory [Assignment: organization-defined frequency].,,
CM-8(1),CM-8(1).v0,0,CM,System Component Inventory | Updates During Installation and Removal,specific,An UpdateEndpoint hotfix with no matching registry version is the fixture's missed inventory update on a system change.,correlation,getModelRegistryEntry|getCloudTrailEvents,"Update the inventory of system components as part of component installations, removals, and system updates.",,v0: official NIST SP 800-53 Rev 5 statement copied from CSRC control-catalog xlsx (retrieved 2026-08-29); whitespace normalized only
CM-8(1),CM-8(1).v1,1,CM,System Component Inventory | Updates During Installation and Removal,specific,An UpdateEndpoint hotfix with no matching registry version is the fixture's missed inventory update on a system change.,correlation,getModelRegistryEntry|getCloudTrailEvents,"As part of component installations, removals, and system updates, update the inventory of system components.",,
CM-8(1),CM-8(1).v2,2,CM,System Component Inventory | Updates During Installation and Removal,specific,An UpdateEndpoint hotfix with no matching registry version is the fixture's missed inventory update on a system change.,correlation,getModelRegistryEntry|getCloudTrailEvents,"The inventory of system components is updated as part of component installations, removals, and system updates.",,
CM-8(1),CM-8(1).v3,3,CM,System Component Inventory | Updates During Installation and Removal,specific,An UpdateEndpoint hotfix with no matching registry version is the fixture's missed inventory update on a system change.,correlation,getModelRegistryEntry|getCloudTrailEvents,"When components are installed or removed and when the system is updated, update the inventory of system components.",,
CM-8(1),CM-8(1).v4,4,CM,System Component Inventory | Updates During Installation and Removal,specific,An UpdateEndpoint hotfix with no matching registry version is the fixture's missed inventory update on a system change.,correlation,getModelRegistryEntry|getCloudTrailEvents,"Component installations, removals, and system updates include updating the inventory of system components.",,
RA-3,RA-3.v0,0,RA,Risk Assessment,specific,"getModelCard is the only collector that could return a documented risk assessment for this model; the frozen fixture returns null, which the LLM can treat as absence or as a gap.",sufficiency,getModelCard,"a. Conduct a risk assessment, including: 1. Identifying threats to and vulnerabilities in the system; 2. Determining the likelihood and magnitude of harm from unauthorized access, use, disclosure, disruption, modification, or destruction of the system, the information it processes, stores, or transmits, and any related information; and 3. Determining the likelihood and impact of adverse effects on individuals arising from the processing of personally identifiable information; b. Integrate risk assessment results and risk management decisions from the organization and mission or business process perspectives with system-level risk assessments; c. Document risk assessment results in [Selection: security and privacy plans; risk assessment report; [Assignment: organization-defined document]]; d. Review risk assessment results [Assignment: organization-defined frequency]; e. Disseminate risk assessment results to [Assignment: organization-defined personnel or roles]; and f. Update the risk assessment [Assignment: organization-defined frequency] or when there are significant changes to the system, its environment of operation, or other conditions that may impact the security or privacy state of the system.",,v0: official NIST SP 800-53 Rev 5 statement copied from CSRC control-catalog xlsx (retrieved 2026-08-29); whitespace normalized only
RA-3,RA-3.v1,1,RA,Risk Assessment,specific,"getModelCard is the only collector that could return a documented risk assessment for this model; the frozen fixture returns null, which the LLM can treat as absence or as a gap.",sufficiency,getModelCard,"a. Conduct a risk assessment, including: 1. Identifying threats to and vulnerabilities in the system; 2. Determining the likelihood and magnitude of harm from unauthorized access, use, disclosure, disruption, modification, or destruction of the system, the information it processes, stores, or transmits, and any related information; and 3. Determining the likelihood and impact of adverse effects on individuals arising from the processing of personally identifiable information; b. Integrate, with system-level risk assessments, risk assessment results and risk management decisions from the organization and mission or business process perspectives; c. Document risk assessment results in [Selection: security and privacy plans; risk assessment report; [Assignment: organization-defined document]]; d. Review risk assessment results [Assignment: organization-defined frequency]; e. Disseminate risk assessment results to [Assignment: organization-defined personnel or roles]; and f. Update the risk assessment [Assignment: organization-defined frequency] or when there are significant changes to the system, its environment of operation, or other conditions that may impact the security or privacy state of the system.",,
RA-3,RA-3.v2,2,RA,Risk Assessment,specific,"getModelCard is the only collector that could return a documented risk assessment for this model; the frozen fixture returns null, which the LLM can treat as absence or as a gap.",sufficiency,getModelCard,"a. Perform a risk assessment that includes: 1. Identifying threats to and vulnerabilities in the system; 2. Determining the likelihood and magnitude of harm from unauthorized access, use, disclosure, disruption, modification, or destruction of the system, the information it processes, stores, or transmits, and any related information; and 3. Determining the likelihood and impact of adverse effects on individuals arising from the processing of personally identifiable information; b. Integrate risk assessment results and risk management decisions from the organization and mission or business process perspectives with system-level risk assessments; c. Record risk assessment results in [Selection: security and privacy plans; risk assessment report; [Assignment: organization-defined document]]; d. Review risk assessment results [Assignment: organization-defined frequency]; e. Disseminate risk assessment results to [Assignment: organization-defined personnel or roles]; and f. Update the risk assessment [Assignment: organization-defined frequency] or when there are significant changes to the system, its environment of operation, or other conditions that may impact the security or privacy state of the system.",,
RA-3,RA-3.v3,3,RA,Risk Assessment,specific,"getModelCard is the only collector that could return a documented risk assessment for this model; the frozen fixture returns null, which the LLM can treat as absence or as a gap.",sufficiency,getModelCard,"a. Conduct a risk assessment, including: 1. Identifying system threats and vulnerabilities; 2. Determining the likelihood and magnitude of harm from unauthorized access, use, disclosure, disruption, modification, or destruction of the system, the information it processes, stores, or transmits, and any related information; and 3. Determining the likelihood and impact of adverse effects on individuals arising from the processing of personally identifiable information; b. Combine system-level risk assessments with risk assessment results and risk management decisions from the organization and mission or business process perspectives; c. Document risk assessment results in [Selection: security and privacy plans; risk assessment report; [Assignment: organization-defined document]]; d. At [Assignment: organization-defined frequency], review risk assessment results; e. Provide risk assessment results to [Assignment: organization-defined personnel or roles]; and f. Update the risk assessment [Assignment: organization-defined frequency] or when there are significant changes to the system, its environment of operation, or other conditions that may impact the security or privacy state of the system.",,
RA-3,RA-3.v4,4,RA,Risk Assessment,specific,"getModelCard is the only collector that could return a documented risk assessment for this model; the frozen fixture returns null, which the LLM can treat as absence or as a gap.",sufficiency,getModelCard,"a. Conduct a risk assessment, including: 1. Identifying threats to and vulnerabilities in the system; 2. Determining the likelihood and magnitude of harm from unauthorized access, use, disclosure, disruption, modification, or destruction of the system, the information it processes, stores, or transmits, and any related information; and 3. Determining the likelihood and impact of adverse effects on individuals arising from processing of personally identifiable information; b. Integrate risk assessment results and risk management decisions from the organization and mission or business process perspectives with system-level risk assessments; c. Document the results of the risk assessment in [Selection: security and privacy plans; risk assessment report; [Assignment: organization-defined document]]; d. Review the risk assessment results [Assignment: organization-defined frequency]; e. Disseminate the risk assessment results to [Assignment: organization-defined personnel or roles]; and f. Update the risk assessment [Assignment: organization-defined frequency] or when there are significant changes to the system, its environment of operation, or other conditions that may impact the security or privacy state of the system.",,
RA-7,RA-7.v0,0,RA,Risk Response,vague-qualifier,A failed data-quality monitor and an undocumented hotfix are findings from monitoring and change records; the fixture shows no linked response.,synthesis,getModelMonitorSchedules|getCloudTrailEvents,"Respond to findings from security and privacy assessments, monitoring, and audits in accordance with organizational risk tolerance.",,v0: official NIST SP 800-53 Rev 5 statement copied from CSRC control-catalog xlsx (retrieved 2026-08-29); whitespace normalized only
RA-7,RA-7.v1,1,RA,Risk Response,vague-qualifier,A failed data-quality monitor and an undocumented hotfix are findings from monitoring and change records; the fixture shows no linked response.,synthesis,getModelMonitorSchedules|getCloudTrailEvents,"Address findings from security and privacy assessments, monitoring, and audits in accordance with organizational risk tolerance.",,
RA-7,RA-7.v2,2,RA,Risk Response,vague-qualifier,A failed data-quality monitor and an undocumented hotfix are findings from monitoring and change records; the fixture shows no linked response.,synthesis,getModelMonitorSchedules|getCloudTrailEvents,"In accordance with organizational risk tolerance, respond to findings from security and privacy assessments, monitoring, and audits.",,
RA-7,RA-7.v3,3,RA,Risk Response,vague-qualifier,A failed data-quality monitor and an undocumented hotfix are findings from monitoring and change records; the fixture shows no linked response.,synthesis,getModelMonitorSchedules|getCloudTrailEvents,"Findings from security and privacy assessments, monitoring, and audits are responded to in accordance with organizational risk tolerance.",,
RA-7,RA-7.v4,4,RA,Risk Response,vague-qualifier,A failed data-quality monitor and an undocumented hotfix are findings from monitoring and change records; the fixture shows no linked response.,synthesis,getModelMonitorSchedules|getCloudTrailEvents,"Take action on findings from security and privacy assessments, monitoring, and audits in accordance with organizational risk tolerance.",,
SA-10,SA-10.v0,0,SA,Developer Configuration Management,specific,"Registry approval versus CloudTrail deploys (including a hotfix with no package) show whether only organization-approved, documented model changes were implemented.",correlation,getCloudTrailEvents|getModelRegistryEntry,"Require the developer of the system, system component, or system service to: a. Perform configuration management during system, component, or service [Selection (one or more): design; development; implementation; operation; disposal]; b. Document, manage, and control the integrity of changes to [Assignment: organization-defined configuration items under configuration management]; c. Implement only organization-approved changes to the system, component, or service; d. Document approved changes to the system, component, or service and the potential security and privacy impacts of such changes; and e. Track security flaws and flaw resolution within the system, component, or service and report findings to [Assignment: organization-defined personnel].",,v0: official NIST SP 800-53 Rev 5 statement copied from CSRC control-catalog xlsx (retrieved 2026-08-29); whitespace normalized only
SA-10,SA-10.v1,1,SA,Developer Configuration Management,specific,"Registry approval versus CloudTrail deploys (including a hotfix with no package) show whether only organization-approved, documented model changes were implemented.",correlation,getCloudTrailEvents|getModelRegistryEntry,"Require the developer of the system, system component, or system service to: a. Carry out configuration management during system, component, or service [Selection (one or more): design; development; implementation; operation; disposal]; b. Document, manage, and control the integrity of changes to [Assignment: organization-defined configuration items under configuration management]; c. Implement only organization-approved changes to the system, component, or service; d. Document approved changes to the system, component, or service and the potential security and privacy impacts of such changes; and e. Track security flaws and flaw resolution within the system, component, or service and report findings to [Assignment: organization-defined personnel].",,
SA-10,SA-10.v2,2,SA,Developer Configuration Management,specific,"Registry approval versus CloudTrail deploys (including a hotfix with no package) show whether only organization-approved, documented model changes were implemented.",correlation,getCloudTrailEvents|getModelRegistryEntry,"The developer of the system, system component, or system service is required to: a. Perform configuration management during system, component, or service [Selection (one or more): design; development; implementation; operation; disposal]; b. Document, manage, and control the integrity of changes to [Assignment: organization-defined configuration items under configuration management]; c. Implement only organization-approved changes to the system, component, or service; d. Document approved changes to the system, component, or service and the potential security and privacy impacts of such changes; and e. Track security flaws and flaw resolution within the system, component, or service and report findings to [Assignment: organization-defined personnel].",,
SA-10,SA-10.v3,3,SA,Developer Configuration Management,specific,"Registry approval versus CloudTrail deploys (including a hotfix with no package) show whether only organization-approved, documented model changes were implemented.",correlation,getCloudTrailEvents|getModelRegistryEntry,"Require the developer of the system, system component, or system service to: a. Perform configuration management during [Selection (one or more): design; development; implementation; operation; disposal] of the system, component, or service; b. Document, manage, and control integrity of changes to [Assignment: organization-defined configuration items under configuration management]; c. Implement only those changes to the system, component, or service that the organization has approved; d. Document approved changes to the system, component, or service and the potential security and privacy impacts of such changes; and e. Track security flaws and their resolution within the system, component, or service and report findings to [Assignment: organization-defined personnel].",,
SA-10,SA-10.v4,4,SA,Developer Configuration Management,specific,"Registry approval versus CloudTrail deploys (including a hotfix with no package) show whether only organization-approved, documented model changes were implemented.",correlation,getCloudTrailEvents|getModelRegistryEntry,"Require the developer of the system, system component, or system service to: a. Perform configuration management during system, component, or service [Selection (one or more): design; development; implementation; operation; disposal]; b. Control, manage, and document the integrity of changes to [Assignment: organization-defined configuration items under configuration management]; c. Implement only organization-approved changes to the system, component, or service; d. Record approved changes to the system, component, or service and the potential security and privacy impacts of such changes; and e. Track security flaws and flaw resolution within the system, component, or service and report findings to [Assignment: organization-defined personnel].",,
SA-10(5),SA-10(5).v0,0,SA,Developer Configuration Management | Mapping Integrity for Version Control,specific,Registry modelPackageVersion versus the hotfix endpointConfigName tests whether the deployed version still maps to the master package record.,correlation,getModelRegistryEntry|getCloudTrailEvents,"Require the developer of the system, system component, or system service to maintain the integrity of the mapping between the master build data describing the current version of security-relevant hardware, software, and firmware and the on-site master copy of the data for the current version.",,v0: official NIST SP 800-53 Rev 5 statement copied from CSRC control-catalog xlsx (retrieved 2026-08-29); whitespace normalized only
SA-10(5),SA-10(5).v1,1,SA,Developer Configuration Management | Mapping Integrity for Version Control,specific,Registry modelPackageVersion versus the hotfix endpointConfigName tests whether the deployed version still maps to the master package record.,correlation,getModelRegistryEntry|getCloudTrailEvents,"The developer of the system, system component, or system service is required to maintain the integrity of the mapping between the master build data describing the current version of security-relevant hardware, software, and firmware and the on-site master copy of the data for the current version.",,
SA-10(5),SA-10(5).v2,2,SA,Developer Configuration Management | Mapping Integrity for Version Control,specific,Registry modelPackageVersion versus the hotfix endpointConfigName tests whether the deployed version still maps to the master package record.,correlation,getModelRegistryEntry|getCloudTrailEvents,"Require the developer of the system, system component, or system service to keep intact the mapping between the master build data describing the current version of security-relevant hardware, software, and firmware and the on-site master copy of the data for the current version.",,
SA-10(5),SA-10(5).v3,3,SA,Developer Configuration Management | Mapping Integrity for Version Control,specific,Registry modelPackageVersion versus the hotfix endpointConfigName tests whether the deployed version still maps to the master package record.,correlation,getModelRegistryEntry|getCloudTrailEvents,"Require that the developer of the system, system component, or system service maintain mapping integrity between the master build data describing the current version of security-relevant hardware, software, and firmware and the on-site master copy of the data for the current version.",,
SA-10(5),SA-10(5).v4,4,SA,Developer Configuration Management | Mapping Integrity for Version Control,specific,Registry modelPackageVersion versus the hotfix endpointConfigName tests whether the deployed version still maps to the master package record.,correlation,getModelRegistryEntry|getCloudTrailEvents,"Require the developer of the system, system component, or system service to maintain integrity of the mapping from the master build data that describes the current version of security-relevant hardware, software, and firmware to the on-site master copy of the data for the current version.",,
SA-8(32),SA-8(32).v0,0,SA,Security and Privacy Engineering Principles | Sufficient Documentation,vague-qualifier,The model card is the only documentation artifact the collectors can retrieve for this endpoint; the frozen fixture has none.,sufficiency,getModelCard,Implement the security design principle of sufficient documentation in [Assignment: organization-defined systems or system components].,,v0: official NIST SP 800-53 Rev 5 statement copied from CSRC control-catalog xlsx (retrieved 2026-08-29); whitespace normalized only
SA-8(32),SA-8(32).v1,1,SA,Security and Privacy Engineering Principles | Sufficient Documentation,vague-qualifier,The model card is the only documentation artifact the collectors can retrieve for this endpoint; the frozen fixture has none.,sufficiency,getModelCard,Apply the security design principle of sufficient documentation in [Assignment: organization-defined systems or system components].,,
SA-8(32),SA-8(32).v2,2,SA,Security and Privacy Engineering Principles | Sufficient Documentation,vague-qualifier,The model card is the only documentation artifact the collectors can retrieve for this endpoint; the frozen fixture has none.,sufficiency,getModelCard,The security design principle of sufficient documentation is implemented in [Assignment: organization-defined systems or system components].,,
SA-8(32),SA-8(32).v3,3,SA,Security and Privacy Engineering Principles | Sufficient Documentation,vague-qualifier,The model card is the only documentation artifact the collectors can retrieve for this endpoint; the frozen fixture has none.,sufficiency,getModelCard,Put the security design principle of sufficient documentation into effect in [Assignment: organization-defined systems or system components].,,
SA-8(32),SA-8(32).v4,4,SA,Security and Privacy Engineering Principles | Sufficient Documentation,vague-qualifier,The model card is the only documentation artifact the collectors can retrieve for this endpoint; the frozen fixture has none.,sufficiency,getModelCard,"In [Assignment: organization-defined systems or system components], implement the security design principle of sufficient documentation.",,
SA-4(8),SA-4(8).v0,0,SA,Acquisition Process | Continuous Monitoring Plan for Controls,mixed,Configured model-monitor schedules are the fixture's only continuous-monitoring plan evidence for this endpoint.,sufficiency,getModelMonitorSchedules,"Require the developer of the system, system component, or system service to produce a plan for continuous monitoring of control effectiveness that is consistent with the continuous monitoring program of the organization.",,v0: official NIST SP 800-53 Rev 5 statement copied from CSRC control-catalog xlsx (retrieved 2026-08-29); whitespace normalized only
SA-4(8),SA-4(8).v1,1,SA,Acquisition Process | Continuous Monitoring Plan for Controls,mixed,Configured model-monitor schedules are the fixture's only continuous-monitoring plan evidence for this endpoint.,sufficiency,getModelMonitorSchedules,"The developer of the system, system component, or system service is required to produce a plan for continuous monitoring of control effectiveness that is consistent with the continuous monitoring program of the organization.",,
SA-4(8),SA-4(8).v2,2,SA,Acquisition Process | Continuous Monitoring Plan for Controls,mixed,Configured model-monitor schedules are the fixture's only continuous-monitoring plan evidence for this endpoint.,sufficiency,getModelMonitorSchedules,"Require the developer of the system, system component, or system service to produce a continuous-monitoring plan for control effectiveness that is consistent with the organization's continuous monitoring program.",,
SA-4(8),SA-4(8).v3,3,SA,Acquisition Process | Continuous Monitoring Plan for Controls,mixed,Configured model-monitor schedules are the fixture's only continuous-monitoring plan evidence for this endpoint.,sufficiency,getModelMonitorSchedules,"Require a plan for continuous monitoring of control effectiveness, consistent with the continuous monitoring program of the organization, from the developer of the system, system component, or system service.",,
SA-4(8),SA-4(8).v4,4,SA,Acquisition Process | Continuous Monitoring Plan for Controls,mixed,Configured model-monitor schedules are the fixture's only continuous-monitoring plan evidence for this endpoint.,sufficiency,getModelMonitorSchedules,"Require the developer of the system, system component, or system service to produce a plan for continuously monitoring control effectiveness that is consistent with the continuous monitoring program of the organization.",,
SA-11,SA-11.v0,0,SA,Developer Testing and Evaluation,specific,"Monitor type, schedule, last-run status, and failure reason are the fixture's post-design testing and evaluation evidence for the deployed model.",sufficiency,getModelMonitorSchedules,"Require the developer of the system, system component, or system service, at all post-design stages of the system development life cycle, to: a. Develop and implement a plan for ongoing security and privacy control assessments; b. Perform [Selection (one or more): unit; integration; system; regression] testing/evaluation [Assignment: organization-defined frequency] at [Assignment: organization-defined depth and coverage]; c. Produce evidence of the execution of the assessment plan and the results of the testing and evaluation; d. Implement a verifiable flaw remediation process; and e. Correct flaws identified during testing and evaluation.",,v0: official NIST SP 800-53 Rev 5 statement copied from CSRC control-catalog xlsx (retrieved 2026-08-29); whitespace normalized only
SA-11,SA-11.v1,1,SA,Developer Testing and Evaluation,specific,"Monitor type, schedule, last-run status, and failure reason are the fixture's post-design testing and evaluation evidence for the deployed model.",sufficiency,getModelMonitorSchedules,"At all post-design stages of the system development life cycle, require the developer of the system, system component, or system service to: a. Develop and implement a plan for ongoing security and privacy control assessments; b. Perform [Selection (one or more): unit; integration; system; regression] testing/evaluation [Assignment: organization-defined frequency] at [Assignment: organization-defined depth and coverage]; c. Produce evidence of the execution of the assessment plan and the results of the testing and evaluation; d. Implement a verifiable flaw remediation process; and e. Correct flaws identified during testing and evaluation.",,
SA-11,SA-11.v2,2,SA,Developer Testing and Evaluation,specific,"Monitor type, schedule, last-run status, and failure reason are the fixture's post-design testing and evaluation evidence for the deployed model.",sufficiency,getModelMonitorSchedules,"Require the developer of the system, system component, or system service, throughout all post-design stages of the system development life cycle, to: a. Develop and implement a plan for ongoing security and privacy control assessments; b. Perform [Selection (one or more): unit; integration; system; regression] testing/evaluation [Assignment: organization-defined frequency] at [Assignment: organization-defined depth and coverage]; c. Produce evidence of the execution of the assessment plan and the results of the testing and evaluation; d. Implement a verifiable flaw remediation process; and e. Correct flaws identified during testing and evaluation.",,
SA-11,SA-11.v3,3,SA,Developer Testing and Evaluation,specific,"Monitor type, schedule, last-run status, and failure reason are the fixture's post-design testing and evaluation evidence for the deployed model.",sufficiency,getModelMonitorSchedules,"Require the developer of the system, system component, or system service, at all post-design stages of the system development life cycle, to: a. Create and put into effect a plan for ongoing security and privacy control assessments; b. Perform [Selection (one or more): unit; integration; system; regression] testing/evaluation [Assignment: organization-defined frequency] at [Assignment: organization-defined depth and coverage]; c. Produce evidence that the assessment plan was executed and of the results of the testing and evaluation; d. Implement a verifiable flaw remediation process; and e. Correct flaws identified during testing and evaluation.",,
SA-11,SA-11.v4,4,SA,Developer Testing and Evaluation,specific,"Monitor type, schedule, last-run status, and failure reason are the fixture's post-design testing and evaluation evidence for the deployed model.",sufficiency,getModelMonitorSchedules,"The developer of the system, system component, or system service is required, at all post-design stages of the system development life cycle, to: a. Develop and implement a plan for ongoing security and privacy control assessments; b. Perform [Selection (one or more): unit; integration; system; regression] testing/evaluation [Assignment: organization-defined frequency] at [Assignment: organization-defined depth and coverage]; c. Produce evidence of the execution of the assessment plan and the results of the testing and evaluation; d. Implement a verifiable flaw remediation process; and e. Correct flaws identified during testing and evaluation.",,
SI-2,SI-2.v0,0,SI,Flaw Remediation,specific,The undocumented hotfix deploy is the fixture's flaw-remediation change; registry absence tests whether it entered configuration management.,correlation,getCloudTrailEvents|getModelRegistryEntry,"a. Identify, report, and correct system flaws; b. Test software and firmware updates related to flaw remediation for effectiveness and potential side effects before installation; c. Install security-relevant software and firmware updates within [Assignment: organization-defined time period] of the release of the updates; and d. Incorporate flaw remediation into the organizational configuration management process.",,v0: official NIST SP 800-53 Rev 5 statement copied from CSRC control-catalog xlsx (retrieved 2026-08-29); whitespace normalized only
SI-2,SI-2.v1,1,SI,Flaw Remediation,specific,The undocumented hotfix deploy is the fixture's flaw-remediation change; registry absence tests whether it entered configuration management.,correlation,getCloudTrailEvents|getModelRegistryEntry,"a. Identify, report, and correct flaws in the system; b. Before installation, test software and firmware updates related to flaw remediation for effectiveness and potential side effects; c. Install security-relevant software and firmware updates within [Assignment: organization-defined time period] of the release of the updates; and d. Incorporate flaw remediation into the organizational configuration management process.",,
SI-2,SI-2.v2,2,SI,Flaw Remediation,specific,The undocumented hotfix deploy is the fixture's flaw-remediation change; registry absence tests whether it entered configuration management.,correlation,getCloudTrailEvents|getModelRegistryEntry,"a. Identify, report, and correct system flaws; b. Test software and firmware updates related to flaw remediation for effectiveness and potential side effects prior to installation; c. Within [Assignment: organization-defined time period] of the release of the updates, install security-relevant software and firmware updates; and d. Incorporate flaw remediation into the organizational configuration management process.",,
SI-2,SI-2.v3,3,SI,Flaw Remediation,specific,The undocumented hotfix deploy is the fixture's flaw-remediation change; registry absence tests whether it entered configuration management.,correlation,getCloudTrailEvents|getModelRegistryEntry,"a. System flaws are identified, reported, and corrected; b. Software and firmware updates related to flaw remediation are tested for effectiveness and potential side effects before installation; c. Security-relevant software and firmware updates are installed within [Assignment: organization-defined time period] of the release of the updates; and d. Flaw remediation is incorporated into the organizational configuration management process.",,
SI-2,SI-2.v4,4,SI,Flaw Remediation,specific,The undocumented hotfix deploy is the fixture's flaw-remediation change; registry absence tests whether it entered configuration management.,correlation,getCloudTrailEvents|getModelRegistryEntry,"a. Identify, report, and correct system flaws; b. Test, for effectiveness and potential side effects, software and firmware updates related to flaw remediation before installation; c. Install security-relevant software and firmware updates within [Assignment: organization-defined time period] of the release of the updates; and d. Fold flaw remediation into the organizational configuration management process.",,
SI-2(2),SI-2(2).v0,0,SI,Flaw Remediation | Automated Flaw Remediation Status,mixed,Registry version versus CloudTrail endpoint-config names are the automated signals of whether the deployed component matches the current package.,synthesis,getModelRegistryEntry|getCloudTrailEvents,Determine if system components have applicable security-relevant software and firmware updates installed using [Assignment: organization-defined automated mechanisms] [Assignment: organization-defined frequency].,,v0: official NIST SP 800-53 Rev 5 statement copied from CSRC control-catalog xlsx (retrieved 2026-08-29); whitespace normalized only
SI-2(2),SI-2(2).v1,1,SI,Flaw Remediation | Automated Flaw Remediation Status,mixed,Registry version versus CloudTrail endpoint-config names are the automated signals of whether the deployed component matches the current package.,synthesis,getModelRegistryEntry|getCloudTrailEvents,"Using [Assignment: organization-defined automated mechanisms], determine [Assignment: organization-defined frequency] whether system components have applicable security-relevant software and firmware updates installed.",,
SI-2(2),SI-2(2).v2,2,SI,Flaw Remediation | Automated Flaw Remediation Status,mixed,Registry version versus CloudTrail endpoint-config names are the automated signals of whether the deployed component matches the current package.,synthesis,getModelRegistryEntry|getCloudTrailEvents,"Determine, [Assignment: organization-defined frequency], if system components have applicable security-relevant software and firmware updates installed using [Assignment: organization-defined automated mechanisms].",,
SI-2(2),SI-2(2).v3,3,SI,Flaw Remediation | Automated Flaw Remediation Status,mixed,Registry version versus CloudTrail endpoint-config names are the automated signals of whether the deployed component matches the current package.,synthesis,getModelRegistryEntry|getCloudTrailEvents,Use [Assignment: organization-defined automated mechanisms] [Assignment: organization-defined frequency] to determine if system components have applicable security-relevant software and firmware updates installed.,,
SI-2(2),SI-2(2).v4,4,SI,Flaw Remediation | Automated Flaw Remediation Status,mixed,Registry version versus CloudTrail endpoint-config names are the automated signals of whether the deployed component matches the current package.,synthesis,getModelRegistryEntry|getCloudTrailEvents,Determine if applicable security-relevant software and firmware updates are installed on system components using [Assignment: organization-defined automated mechanisms] [Assignment: organization-defined frequency].,,
SI-4,SI-4.v0,0,SI,System Monitoring,mixed,"Disabled data capture, a failed DataQuality monitor, and no VPC/isolation are the fixture's system-monitoring and unauthorized-connection signals.",synthesis,getDataCaptureConfig|getModelMonitorSchedules|getEndpointNetworkConfig,"a. Monitor the system to detect: 1. Attacks and indicators of potential attacks in accordance with the following monitoring objectives: [Assignment: organization-defined monitoring objectives]; and 2. Unauthorized local, network, and remote connections; b. Identify unauthorized use of the system through the following techniques and methods: [Assignment: organization-defined techniques and methods]; c. Invoke internal monitoring capabilities or deploy monitoring devices: 1. Strategically within the system to collect organization-determined essential information; and 2. At ad hoc locations within the system to track specific types of transactions of interest to the organization; d. Analyze detected events and anomalies; e. Adjust the level of system monitoring activity when there is a change in risk to organizational operations and assets, individuals, other organizations, or the Nation; f. Obtain legal opinion regarding system monitoring activities; and g. Provide [Assignment: organization-defined system monitoring information] to [Assignment: organization-defined personnel or roles] [Selection (one or more): as needed; [Assignment: organization-defined frequency]].",,v0: official NIST SP 800-53 Rev 5 statement copied from CSRC control-catalog xlsx (retrieved 2026-08-29); whitespace normalized only
SI-4,SI-4.v1,1,SI,System Monitoring,mixed,"Disabled data capture, a failed DataQuality monitor, and no VPC/isolation are the fixture's system-monitoring and unauthorized-connection signals.",synthesis,getDataCaptureConfig|getModelMonitorSchedules|getEndpointNetworkConfig,"a. Monitor the system to detect: 1. Attacks and indicators of potential attacks in accordance with the following monitoring objectives: [Assignment: organization-defined monitoring objectives]; and 2. Unauthorized local, network, and remote connections; b. Identify unauthorized use of the system through the following techniques and methods: [Assignment: organization-defined techniques and methods]; c. Invoke internal monitoring capabilities or deploy monitoring devices: 1. Strategically within the system to collect organization-determined essential information; and 2. At ad hoc locations within the system to track specific types of transactions of interest to the organization; d. Analyze detected events and anomalies; e. Adjust the level of system monitoring activity when there is a change in risk to organizational operations and assets, individuals, other organizations, or the Nation; f. Obtain legal opinion regarding system monitoring activities; and g. Provide [Assignment: organization-defined system monitoring information] to [Assignment: organization-defined personnel or roles] [Selection (one or more): as needed; [Assignment: organization-defined frequency]].",,
SI-4,SI-4.v2,2,SI,System Monitoring,mixed,"Disabled data capture, a failed DataQuality monitor, and no VPC/isolation are the fixture's system-monitoring and unauthorized-connection signals.",synthesis,getDataCaptureConfig|getModelMonitorSchedules|getEndpointNetworkConfig,"a. Detect, by monitoring the system: 1. Attacks and indicators of potential attacks in accordance with the following monitoring objectives: [Assignment: organization-defined monitoring objectives]; and 2. Unauthorized local, network, and remote connections; b. Identify unauthorized use of the system through the following techniques and methods: [Assignment: organization-defined techniques and methods]; c. Invoke internal monitoring capabilities or deploy monitoring devices: 1. Strategically within the system to collect organization-determined essential information; and 2. At ad hoc locations within the system to track specific types of transactions of interest to the organization; d. Analyze detected events and anomalies; e. When there is a change in risk to organizational operations and assets, individuals, other organizations, or the Nation, adjust the level of system monitoring activity; f. Obtain legal opinion regarding system monitoring activities; and g. Provide [Assignment: organization-defined system monitoring information] to [Assignment: organization-defined personnel or roles] [Selection (one or more): as needed; [Assignment: organization-defined frequency]].",,
SI-4,SI-4.v3,3,SI,System Monitoring,mixed,"Disabled data capture, a failed DataQuality monitor, and no VPC/isolation are the fixture's system-monitoring and unauthorized-connection signals.",synthesis,getDataCaptureConfig|getModelMonitorSchedules|getEndpointNetworkConfig,"a. Monitor the system to detect: 1. Attacks and indicators of potential attacks in accordance with the following monitoring objectives: [Assignment: organization-defined monitoring objectives]; and 2. Unauthorized local, network, and remote connections; b. Through the following techniques and methods, identify unauthorized use of the system: [Assignment: organization-defined techniques and methods]; c. Invoke internal monitoring capabilities or deploy monitoring devices: 1. Strategically within the system to collect organization-determined essential information; and 2. At ad hoc locations within the system to track specific types of transactions of interest to the organization; d. Analyze events and anomalies that are detected; e. Adjust the level of system monitoring activity when there is a change in risk to organizational operations and assets, individuals, other organizations, or the Nation; f. Obtain legal opinion regarding system monitoring activities; and g. Provide [Assignment: organization-defined system monitoring information] to [Assignment: organization-defined personnel or roles] [Selection (one or more): as needed; [Assignment: organization-defined frequency]].",,
SI-4,SI-4.v4,4,SI,System Monitoring,mixed,"Disabled data capture, a failed DataQuality monitor, and no VPC/isolation are the fixture's system-monitoring and unauthorized-connection signals.",synthesis,getDataCaptureConfig|getModelMonitorSchedules|getEndpointNetworkConfig,"a. Monitor the system to detect: 1. Attacks and indicators of potential attacks in accordance with the following monitoring objectives: [Assignment: organization-defined monitoring objectives]; and 2. Unauthorized local, network, and remote connections; b. Identify unauthorized use of the system through the following techniques and methods: [Assignment: organization-defined techniques and methods]; c. Invoke internal monitoring capabilities or deploy monitoring devices: 1. Strategically within the system to collect organization-determined essential information; and 2. At ad hoc locations within the system to track specific types of transactions of interest to the organization; d. Analyze detected events and anomalies; e. Adjust system monitoring activity level when there is a change in risk to organizational operations and assets, individuals, other organizations, or the Nation; f. Obtain legal opinion regarding system monitoring activities; and g. [Assignment: organization-defined system monitoring information] is provided to [Assignment: organization-defined personnel or roles] [Selection (one or more): as needed; [Assignment: organization-defined frequency]].",,
SI-4(2),SI-4(2).v0,0,SI,System Monitoring | Automated Tools and Mechanisms for Real-time Analysis,specific,"The weekly cron DataQuality schedule (and its failed last run) is the fixture's automated analysis mechanism, which an assessor can judge against near real-time.",sufficiency,getModelMonitorSchedules,Employ automated tools and mechanisms to support near real-time analysis of events.,,v0: official NIST SP 800-53 Rev 5 statement copied from CSRC control-catalog xlsx (retrieved 2026-08-29); whitespace normalized only
SI-4(2),SI-4(2).v1,1,SI,System Monitoring | Automated Tools and Mechanisms for Real-time Analysis,specific,"The weekly cron DataQuality schedule (and its failed last run) is the fixture's automated analysis mechanism, which an assessor can judge against near real-time.",sufficiency,getModelMonitorSchedules,Use automated tools and mechanisms to support near real-time analysis of events.,,
SI-4(2),SI-4(2).v2,2,SI,System Monitoring | Automated Tools and Mechanisms for Real-time Analysis,specific,"The weekly cron DataQuality schedule (and its failed last run) is the fixture's automated analysis mechanism, which an assessor can judge against near real-time.",sufficiency,getModelMonitorSchedules,Automated tools and mechanisms are employed to support near real-time analysis of events.,,
SI-4(2),SI-4(2).v3,3,SI,System Monitoring | Automated Tools and Mechanisms for Real-time Analysis,specific,"The weekly cron DataQuality schedule (and its failed last run) is the fixture's automated analysis mechanism, which an assessor can judge against near real-time.",sufficiency,getModelMonitorSchedules,Put automated tools and mechanisms in place to support near real-time analysis of events.,,
SI-4(2),SI-4(2).v4,4,SI,System Monitoring | Automated Tools and Mechanisms for Real-time Analysis,specific,"The weekly cron DataQuality schedule (and its failed last run) is the fixture's automated analysis mechanism, which an assessor can judge against near real-time.",sufficiency,getModelMonitorSchedules,Support near real-time analysis of events by employing automated tools and mechanisms.,,
SI-6,SI-6.v0,0,SI,Security and Privacy Function Verification,mixed,"A scheduled monitor whose last run failed because capture is disabled is verification of a security/quality function, with no evidence of the required alert or follow-up action.",synthesis,getModelMonitorSchedules|getDataCaptureConfig,a. Verify the correct operation of [Assignment: organization-defined security and privacy functions]; b. Perform the verification of the functions specified in SI-6a [Selection (one or more): [Assignment: organization-defined system transitional states]; upon command by user with appropriate privilege; [Assignment: organization-defined frequency]]; c. Alert [Assignment: organization-defined personnel or roles] to failed security and privacy verification tests; and d. [Selection (one or more): Shut the system down; Restart the system; [Assignment: organization-defined alternative action(s)]] when anomalies are discovered.,,v0: official NIST SP 800-53 Rev 5 statement copied from CSRC control-catalog xlsx (retrieved 2026-08-29); whitespace normalized only
SI-6,SI-6.v1,1,SI,Security and Privacy Function Verification,mixed,"A scheduled monitor whose last run failed because capture is disabled is verification of a security/quality function, with no evidence of the required alert or follow-up action.",synthesis,getModelMonitorSchedules|getDataCaptureConfig,a. Verify correct operation of [Assignment: organization-defined security and privacy functions]; b. Perform the verification of the functions specified in SI-6a [Selection (one or more): [Assignment: organization-defined system transitional states]; upon command by user with appropriate privilege; [Assignment: organization-defined frequency]]; c. Alert [Assignment: organization-defined personnel or roles] to failed security and privacy verification tests; and d. [Selection (one or more): Shut the system down; Restart the system; [Assignment: organization-defined alternative action(s)]] when anomalies are discovered.,,
SI-6,SI-6.v2,2,SI,Security and Privacy Function Verification,mixed,"A scheduled monitor whose last run failed because capture is disabled is verification of a security/quality function, with no evidence of the required alert or follow-up action.",synthesis,getModelMonitorSchedules|getDataCaptureConfig,"a. Verify the correct operation of [Assignment: organization-defined security and privacy functions]; b. Carry out verification of the functions specified in SI-6a [Selection (one or more): [Assignment: organization-defined system transitional states]; upon command by user with appropriate privilege; [Assignment: organization-defined frequency]]; c. Alert [Assignment: organization-defined personnel or roles] when security and privacy verification tests fail; and d. When anomalies are discovered, [Selection (one or more): Shut the system down; Restart the system; [Assignment: organization-defined alternative action(s)]].",,
SI-6,SI-6.v3,3,SI,Security and Privacy Function Verification,mixed,"A scheduled monitor whose last run failed because capture is disabled is verification of a security/quality function, with no evidence of the required alert or follow-up action.",synthesis,getModelMonitorSchedules|getDataCaptureConfig,a. Confirm the correct operation of [Assignment: organization-defined security and privacy functions]; b. Perform the verification of the functions specified in SI-6a [Selection (one or more): [Assignment: organization-defined system transitional states]; upon command by user with appropriate privilege; [Assignment: organization-defined frequency]]; c. Notify [Assignment: organization-defined personnel or roles] of failed security and privacy verification tests; and d. [Selection (one or more): Shut the system down; Restart the system; [Assignment: organization-defined alternative action(s)]] when anomalies are discovered.,,
SI-6,SI-6.v4,4,SI,Security and Privacy Function Verification,mixed,"A scheduled monitor whose last run failed because capture is disabled is verification of a security/quality function, with no evidence of the required alert or follow-up action.",synthesis,getModelMonitorSchedules|getDataCaptureConfig,a. Verify the correct operation of [Assignment: organization-defined security and privacy functions]; b. The verification of the functions specified in SI-6a is performed [Selection (one or more): [Assignment: organization-defined system transitional states]; upon command by user with appropriate privilege; [Assignment: organization-defined frequency]]; c. [Assignment: organization-defined personnel or roles] are alerted to failed security and privacy verification tests; and d. [Selection (one or more): Shut the system down; Restart the system; [Assignment: organization-defined alternative action(s)]] when anomalies are discovered.,,
SI-7,SI-7.v0,0,SI,"Software, Firmware, and Information Integrity",specific,A hotfix endpoint config with no registry package is an unauthorized change to deployed model software relative to the approved version.,correlation,getModelRegistryEntry|getCloudTrailEvents,"a. Employ integrity verification tools to detect unauthorized changes to the following software, firmware, and information: [Assignment: organization-defined software, firmware, and information]; and b. Take the following actions when unauthorized changes to the software, firmware, and information are detected: [Assignment: organization-defined actions].",,v0: official NIST SP 800-53 Rev 5 statement copied from CSRC control-catalog xlsx (retrieved 2026-08-29); whitespace normalized only
SI-7,SI-7.v1,1,SI,"Software, Firmware, and Information Integrity",specific,A hotfix endpoint config with no registry package is an unauthorized change to deployed model software relative to the approved version.,correlation,getModelRegistryEntry|getCloudTrailEvents,"a. Use integrity verification tools to detect unauthorized changes to the following software, firmware, and information: [Assignment: organization-defined software, firmware, and information]; and b. Take the following actions when unauthorized changes to the software, firmware, and information are detected: [Assignment: organization-defined actions].",,
SI-7,SI-7.v2,2,SI,"Software, Firmware, and Information Integrity",specific,A hotfix endpoint config with no registry package is an unauthorized change to deployed model software relative to the approved version.,correlation,getModelRegistryEntry|getCloudTrailEvents,"a. Employ integrity verification tools that detect unauthorized changes to the following software, firmware, and information: [Assignment: organization-defined software, firmware, and information]; and b. When unauthorized changes to the software, firmware, and information are detected, take the following actions: [Assignment: organization-defined actions].",,
SI-7,SI-7.v3,3,SI,"Software, Firmware, and Information Integrity",specific,A hotfix endpoint config with no registry package is an unauthorized change to deployed model software relative to the approved version.,correlation,getModelRegistryEntry|getCloudTrailEvents,"a. Employ integrity verification tools to detect unauthorized changes to [Assignment: organization-defined software, firmware, and information]; and b. Take the following actions when unauthorized changes to the software, firmware, and information are detected: [Assignment: organization-defined actions].",,
SI-7,SI-7.v4,4,SI,"Software, Firmware, and Information Integrity",specific,A hotfix endpoint config with no registry package is an unauthorized change to deployed model software relative to the approved version.,correlation,getModelRegistryEntry|getCloudTrailEvents,"a. Integrity verification tools are employed to detect unauthorized changes to the following software, firmware, and information: [Assignment: organization-defined software, firmware, and information]; and b. The following actions are taken when unauthorized changes to the software, firmware, and information are detected: [Assignment: organization-defined actions].",,
SI-12,SI-12.v0,0,SI,Information Management and Retention,vague-qualifier,"Data-capture enablement, percentage, and destination are the fixture's handling of inference information the endpoint could retain.",sufficiency,getDataCaptureConfig,"Manage and retain information within the system and information output from the system in accordance with applicable laws, executive orders, directives, regulations, policies, standards, guidelines and operational requirements.",,v0: official NIST SP 800-53 Rev 5 statement copied from CSRC control-catalog xlsx (retrieved 2026-08-29); whitespace normalized only
SI-12,SI-12.v1,1,SI,Information Management and Retention,vague-qualifier,"Data-capture enablement, percentage, and destination are the fixture's handling of inference information the endpoint could retain.",sufficiency,getDataCaptureConfig,"Information within the system and information output from the system is managed and retained in accordance with applicable laws, executive orders, directives, regulations, policies, standards, guidelines and operational requirements.",,
SI-12,SI-12.v2,2,SI,Information Management and Retention,vague-qualifier,"Data-capture enablement, percentage, and destination are the fixture's handling of inference information the endpoint could retain.",sufficiency,getDataCaptureConfig,"In accordance with applicable laws, executive orders, directives, regulations, policies, standards, guidelines and operational requirements, manage and retain information within the system and information output from the system.",,
SI-12,SI-12.v3,3,SI,Information Management and Retention,vague-qualifier,"Data-capture enablement, percentage, and destination are the fixture's handling of inference information the endpoint could retain.",sufficiency,getDataCaptureConfig,"Manage and retain both information residing in the system and information output from the system in accordance with applicable laws, executive orders, directives, regulations, policies, standards, guidelines and operational requirements.",,
SI-12,SI-12.v4,4,SI,Information Management and Retention,vague-qualifier,"Data-capture enablement, percentage, and destination are the fixture's handling of inference information the endpoint could retain.",sufficiency,getDataCaptureConfig,"Applicable laws, executive orders, directives, regulations, policies, standards, guidelines and operational requirements govern the management and retention of information within the system and information output from the system.",,
SC-28(1),SC-28(1).v0,0,SC,Protection of Information at Rest | Cryptographic Protection,specific,"volumeKmsKeyId, artifactKmsKeyId, and keyManager are the fixture's cryptographic protection of model artifacts and endpoint volumes at rest. Not SC-28 (deterministic).",sufficiency,getKMSConfig,Implement cryptographic mechanisms to prevent unauthorized disclosure and modification of the following information at rest on [Assignment: organization-defined system components or media]: [Assignment: organization-defined information].,,v0: official NIST SP 800-53 Rev 5 statement copied from CSRC control-catalog xlsx (retrieved 2026-08-29); whitespace normalized only
SC-28(1),SC-28(1).v1,1,SC,Protection of Information at Rest | Cryptographic Protection,specific,"volumeKmsKeyId, artifactKmsKeyId, and keyManager are the fixture's cryptographic protection of model artifacts and endpoint volumes at rest. Not SC-28 (deterministic).",sufficiency,getKMSConfig,Put cryptographic mechanisms in place to prevent unauthorized disclosure and modification of the following information at rest on [Assignment: organization-defined system components or media]: [Assignment: organization-defined information].,,
SC-28(1),SC-28(1).v2,2,SC,Protection of Information at Rest | Cryptographic Protection,specific,"volumeKmsKeyId, artifactKmsKeyId, and keyManager are the fixture's cryptographic protection of model artifacts and endpoint volumes at rest. Not SC-28 (deterministic).",sufficiency,getKMSConfig,Cryptographic mechanisms are implemented to prevent unauthorized disclosure and modification of the following information at rest on [Assignment: organization-defined system components or media]: [Assignment: organization-defined information].,,
SC-28(1),SC-28(1).v3,3,SC,Protection of Information at Rest | Cryptographic Protection,specific,"volumeKmsKeyId, artifactKmsKeyId, and keyManager are the fixture's cryptographic protection of model artifacts and endpoint volumes at rest. Not SC-28 (deterministic).",sufficiency,getKMSConfig,Implement cryptographic mechanisms that prevent unauthorized disclosure and modification of the following information at rest on [Assignment: organization-defined system components or media]: [Assignment: organization-defined information].,,
SC-28(1),SC-28(1).v4,4,SC,Protection of Information at Rest | Cryptographic Protection,specific,"volumeKmsKeyId, artifactKmsKeyId, and keyManager are the fixture's cryptographic protection of model artifacts and endpoint volumes at rest. Not SC-28 (deterministic).",sufficiency,getKMSConfig,"To prevent unauthorized disclosure and modification of the following information at rest on [Assignment: organization-defined system components or media], implement cryptographic mechanisms: [Assignment: organization-defined information].",,
SC-7(5),SC-7(5).v0,0,SC,Boundary Protection | Deny by Default — Allow by Exception,specific,"Empty security groups, no VPC, and isolation disabled are the fixture's boundary posture (deny-by-default cannot hold). Not SC-7 (deterministic).",sufficiency,getEndpointNetworkConfig,Deny network communications traffic by default and allow network communications traffic by exception [Selection (one or more): at managed interfaces; for [Assignment: organization-defined systems]].,,v0: official NIST SP 800-53 Rev 5 statement copied from CSRC control-catalog xlsx (retrieved 2026-08-29); whitespace normalized only
SC-7(5),SC-7(5).v1,1,SC,Boundary Protection | Deny by Default — Allow by Exception,specific,"Empty security groups, no VPC, and isolation disabled are the fixture's boundary posture (deny-by-default cannot hold). Not SC-7 (deterministic).",sufficiency,getEndpointNetworkConfig,"By default, deny network communications traffic and allow network communications traffic by exception [Selection (one or more): at managed interfaces; for [Assignment: organization-defined systems]].",,
SC-7(5),SC-7(5).v2,2,SC,Boundary Protection | Deny by Default — Allow by Exception,specific,"Empty security groups, no VPC, and isolation disabled are the fixture's boundary posture (deny-by-default cannot hold). Not SC-7 (deterministic).",sufficiency,getEndpointNetworkConfig,Network communications traffic is denied by default and allowed by exception [Selection (one or more): at managed interfaces; for [Assignment: organization-defined systems]].,,
SC-7(5),SC-7(5).v3,3,SC,Boundary Protection | Deny by Default — Allow by Exception,specific,"Empty security groups, no VPC, and isolation disabled are the fixture's boundary posture (deny-by-default cannot hold). Not SC-7 (deterministic).",sufficiency,getEndpointNetworkConfig,"Deny network communications traffic by default, allowing network communications traffic only by exception [Selection (one or more): at managed interfaces; for [Assignment: organization-defined systems]].",,
SC-7(5),SC-7(5).v4,4,SC,Boundary Protection | Deny by Default — Allow by Exception,specific,"Empty security groups, no VPC, and isolation disabled are the fixture's boundary posture (deny-by-default cannot hold). Not SC-7 (deterministic).",sufficiency,getEndpointNetworkConfig,Implement default denial of network communications traffic and exception-based allowance of network communications traffic [Selection (one or more): at managed interfaces; for [Assignment: organization-defined systems]].,,
CA-7,CA-7.v0,0,CA,Continuous Monitoring,specific,"Monitor metrics, cron frequency, last-run failure, and disabled capture are the fixture's system-level continuous monitoring program for this endpoint.",synthesis,getModelMonitorSchedules|getDataCaptureConfig,Develop a system-level continuous monitoring strategy and implement continuous monitoring in accordance with the organization-level continuous monitoring strategy that includes: a. Establishing the following system-level metrics to be monitored: [Assignment: organization-defined system-level metrics]; b. Establishing [Assignment: organization-defined frequencies] for monitoring and [Assignment: organization-defined frequencies] for assessment of control effectiveness; c. Ongoing control assessments in accordance with the continuous monitoring strategy; d. Ongoing monitoring of system and organization-defined metrics in accordance with the continuous monitoring strategy; e. Correlation and analysis of information generated by control assessments and monitoring; f. Response actions to address results of the analysis of control assessment and monitoring information; and g. Reporting the security and privacy status of the system to [Assignment: organization-defined personnel or roles] [Assignment: organization-defined frequency].,,v0: official NIST SP 800-53 Rev 5 statement copied from CSRC control-catalog xlsx (retrieved 2026-08-29); whitespace normalized only
CA-7,CA-7.v1,1,CA,Continuous Monitoring,specific,"Monitor metrics, cron frequency, last-run failure, and disabled capture are the fixture's system-level continuous monitoring program for this endpoint.",synthesis,getModelMonitorSchedules|getDataCaptureConfig,"Develop a system-level continuous monitoring strategy and implement continuous monitoring in accordance with the organization-level continuous monitoring strategy, including: a. Establishing the following system-level metrics to be monitored: [Assignment: organization-defined system-level metrics]; b. Establishing [Assignment: organization-defined frequencies] for monitoring and [Assignment: organization-defined frequencies] for assessment of control effectiveness; c. Ongoing control assessments in accordance with the continuous monitoring strategy; d. Ongoing monitoring of system and organization-defined metrics in accordance with the continuous monitoring strategy; e. Correlation and analysis of information generated by control assessments and monitoring; f. Response actions to address results of the analysis of control assessment and monitoring information; and g. Reporting the security and privacy status of the system to [Assignment: organization-defined personnel or roles] [Assignment: organization-defined frequency].",,
CA-7,CA-7.v2,2,CA,Continuous Monitoring,specific,"Monitor metrics, cron frequency, last-run failure, and disabled capture are the fixture's system-level continuous monitoring program for this endpoint.",synthesis,getModelMonitorSchedules|getDataCaptureConfig,"A system-level continuous monitoring strategy is developed, and continuous monitoring is implemented in accordance with the organization-level continuous monitoring strategy, including: a. Establishing the following system-level metrics to be monitored: [Assignment: organization-defined system-level metrics]; b. Establishing [Assignment: organization-defined frequencies] for monitoring and [Assignment: organization-defined frequencies] for assessment of control effectiveness; c. Ongoing control assessments in accordance with the continuous monitoring strategy; d. Ongoing monitoring of system and organization-defined metrics in accordance with the continuous monitoring strategy; e. Correlation and analysis of information generated by control assessments and monitoring; f. Response actions to address results of the analysis of control assessment and monitoring information; and g. Reporting the security and privacy status of the system to [Assignment: organization-defined personnel or roles] [Assignment: organization-defined frequency].",,
CA-7,CA-7.v3,3,CA,Continuous Monitoring,specific,"Monitor metrics, cron frequency, last-run failure, and disabled capture are the fixture's system-level continuous monitoring program for this endpoint.",synthesis,getModelMonitorSchedules|getDataCaptureConfig,"Develop a system-level continuous monitoring strategy and, in accordance with the organization-level continuous monitoring strategy, implement continuous monitoring that includes: a. Establishing the following system-level metrics to be monitored: [Assignment: organization-defined system-level metrics]; b. Establishing [Assignment: organization-defined frequencies] for monitoring and [Assignment: organization-defined frequencies] for assessment of control effectiveness; c. Ongoing control assessments in accordance with the continuous monitoring strategy; d. Ongoing monitoring of system and organization-defined metrics in accordance with the continuous monitoring strategy; e. Correlating and analyzing information generated by control assessments and monitoring; f. Response actions to address results of the analysis of control assessment and monitoring information; and g. Reporting the security and privacy status of the system to [Assignment: organization-defined personnel or roles] [Assignment: organization-defined frequency].",,
CA-7,CA-7.v4,4,CA,Continuous Monitoring,specific,"Monitor metrics, cron frequency, last-run failure, and disabled capture are the fixture's system-level continuous monitoring program for this endpoint.",synthesis,getModelMonitorSchedules|getDataCaptureConfig,Develop a system-level continuous monitoring strategy and implement continuous monitoring in accordance with the organization-level continuous monitoring strategy that includes: a. Establishing these system-level metrics to be monitored: [Assignment: organization-defined system-level metrics]; b. Establishing [Assignment: organization-defined frequencies] for monitoring and [Assignment: organization-defined frequencies] for assessment of control effectiveness; c. Ongoing control assessments in accordance with the continuous monitoring strategy; d. Ongoing monitoring of system and organization-defined metrics in accordance with the continuous monitoring strategy; e. Correlation and analysis of information generated by control assessments and monitoring; f. Response actions that address results of the analysis of control assessment and monitoring information; and g. Reporting the security and privacy status of the system to [Assignment: organization-defined personnel or roles] [Assignment: organization-defined frequency].,,
